device,clicks_by_device,downloads_by_device,download_ratio_by_device
0,1033413,101817,0.09852498468666449
1,174330052,306495,0.0017581306061906067
2,8105054,2223,0.0002742733114424654
4,1713,320,0.18680677174547577
5,14379,0,0.0
6,12569,2937,0.2336701408226589
7,3075,607,0.19739837398373983
8,1259,188,0.14932486100079428
9,1189,263,0.22119428090832632
10,38,5,0.13157894736842105
11,1572,251,0.15966921119592875
12,48,6,0.125
13,32,2,0.0625
14,574,113,0.19686411149825783
15,167,26,0.15568862275449102
16,10147,2202,0.2170099536808909
17,448,78,0.17410714285714285
18,6742,1473,0.21848116285968555
19,389,70,0.17994858611825193
20,2031,255,0.1255539143279173
21,5430,1150,0.21178637200736647
22,160,30,0.1875
23,110,11,0.1
24,278,53,0.1906474820143885
25,1786,303,0.1696528555431131
26,174,5,0.028735632183908046
27,188,22,0.11702127659574468
28,131,19,0.1450381679389313
29,408,64,0.1568627450980392
30,4199,802,0.19099785663253155
31,23,0,0.0
32,187,55,0.29411764705882354
33,5337,1100,0.20610830054337642
34,481,74,0.15384615384615385
35,260,53,0.20384615384615384
36,937,222,0.23692636072572038
37,3474,666,0.19170984455958548
38,119,18,0.15126050420168066
39,79,8,0.10126582278481013
40,12351,2605,0.2109140960246134
41,19,2,0.10526315789473684
42,1019,168,0.1648675171736997
43,82,3,0.036585365853658534
44,470,88,0.18723404255319148
45,615,116,0.1886178861788618
46,3001,466,0.15528157280906366
47,56,8,0.14285714285714285
48,68,2,0.029411764705882353
49,446,71,0.1591928251121076
50,2770,581,0.20974729241877257
51,401,82,0.20448877805486285
52,295,44,0.14915254237288136
53,893,148,0.16573348264277715
54,811,189,0.23304562268803947
55,7,0,0.0
56,2247,344,0.15309301290609703
57,185,20,0.10810810810810811
58,344,54,0.1569767441860465
59,24018,21,0.0008743442418186361
60,2335,420,0.17987152034261242
61,657,99,0.1506849315068493
62,36,7,0.19444444444444445
63,212,34,0.16037735849056603
64,313,21,0.0670926517571885
65,86,6,0.06976744186046512
66,80,15,0.1875
67,3770,809,0.21458885941644562
68,695,137,0.1971223021582734
69,64,12,0.1875
70,113,15,0.13274336283185842
71,75,18,0.24
72,471,67,0.14225053078556263
73,962,144,0.1496881496881497
74,506,81,0.1600790513833992
75,308,65,0.21103896103896103
76,1571,310,0.19732654360280077
77,76,9,0.11842105263157894
78,2767,596,0.2153957354535598
79,197,45,0.22842639593908629
80,87,15,0.1724137931034483
81,53,2,0.03773584905660377
82,2287,428,0.18714473108876256
83,97,16,0.16494845360824742
84,157,32,0.20382165605095542
86,253,47,0.1857707509881423
87,28,4,0.14285714285714285
88,3262,744,0.22808093194359289
89,918,189,0.20588235294117646
90,100,16,0.16
92,405,36,0.08888888888888889
93,15,3,0.2
94,561,121,0.21568627450980393
95,684,148,0.21637426900584794
96,2110,322,0.15260663507109004
97,2537,485,0.19117067402443833
98,8,0,0.0
99,220,13,0.05909090909090909
100,870,139,0.15977011494252874
101,1253,298,0.237829209896249
102,583,113,0.19382504288164665
103,1031,169,0.16391852570320078
104,525,48,0.09142857142857143
105,88,11,0.125
106,813,143,0.17589175891758918
107,174,22,0.12643678160919541
108,114,21,0.18421052631578946
109,2973,614,0.2065253952236798
110,109,16,0.14678899082568808
111,13,0,0.0
112,463,49,0.10583153347732181
113,116,14,0.1206896551724138
114,3585,718,0.200278940027894
115,177,21,0.11864406779661017
116,476,101,0.21218487394957983
117,15,1,0.06666666666666667
118,485,75,0.15463917525773196
119,27,3,0.1111111111111111
120,4,1,0.25
121,10,1,0.1
122,318,44,0.13836477987421383
123,117,16,0.13675213675213677
124,1353,246,0.18181818181818182
125,3,0,0.0
126,40,5,0.125
127,926,147,0.1587473002159827
128,56,6,0.10714285714285714
129,763,144,0.18872870249017037
130,60,7,0.11666666666666667
131,254,33,0.12992125984251968
132,372,46,0.12365591397849462
133,71,24,0.3380281690140845
134,174,17,0.09770114942528736
135,35,9,0.2571428571428571
136,1628,336,0.20638820638820637
137,1259,268,0.21286735504368545
138,155,19,0.12258064516129032
139,13,1,0.07692307692307693
140,269,29,0.10780669144981413
141,337,44,0.13056379821958458
142,121,10,0.08264462809917356
144,27,2,0.07407407407407407
145,59,14,0.23728813559322035
146,20,1,0.05
147,151,27,0.17880794701986755
148,106,18,0.16981132075471697
149,51,9,0.17647058823529413
150,157,20,0.12738853503184713
151,64,5,0.078125
152,99,7,0.0707070707070707
153,199,24,0.12060301507537688
154,4011,652,0.16255297930690601
155,264,24,0.09090909090909091
156,224,31,0.13839285714285715
157,356,31,0.08707865168539326
158,36,3,0.08333333333333333
159,70,5,0.07142857142857142
160,1100,176,0.16
161,352,42,0.11931818181818182
162,206,28,0.13592233009708737
163,249,40,0.1606425702811245
164,1,0,0.0
165,48,11,0.22916666666666666
166,352,72,0.20454545454545456
167,299,46,0.15384615384615385
168,683,142,0.20790629575402636
169,373,78,0.20911528150134048
170,113,16,0.1415929203539823
171,261,41,0.15708812260536398
172,363,58,0.15977961432506887
173,259,24,0.09266409266409266
174,7,0,0.0
175,2,0,0.0
176,1,0,0.0
177,305,30,0.09836065573770492
178,14,1,0.07142857142857142
179,118,22,0.1864406779661017
180,255,65,0.2549019607843137
181,320,64,0.2
182,1468,0,0.0
183,394,55,0.13959390862944163
184,171,34,0.19883040935672514
185,36,6,0.16666666666666666
186,106,15,0.14150943396226415
187,363,62,0.17079889807162535
188,340,88,0.25882352941176473
189,932,185,0.1984978540772532
190,638,116,0.18181818181818182
191,1,0,0.0
192,42,6,0.14285714285714285
193,7,3,0.42857142857142855
194,172,30,0.1744186046511628
195,55,9,0.16363636363636364
196,343,63,0.1836734693877551
197,48,5,0.10416666666666667
198,15,3,0.2
199,95,11,0.11578947368421053
200,161,12,0.07453416149068323
201,157,36,0.22929936305732485
202,232,34,0.14655172413793102
203,2265,285,0.12582781456953643
204,219,41,0.1872146118721461
205,48,5,0.10416666666666667
206,65,8,0.12307692307692308
207,129,22,0.17054263565891473
208,349,40,0.11461318051575932
209,547,89,0.16270566727605118
210,1478,218,0.14749661705006767
211,1700,405,0.23823529411764705
212,379,64,0.16886543535620052
213,72,12,0.16666666666666666
214,1374,223,0.16229985443959244
215,17,2,0.11764705882352941
216,18,2,0.1111111111111111
217,275,33,0.12
218,87,11,0.12643678160919541
219,62,7,0.11290322580645161
220,1734,328,0.18915801614763553
221,100,16,0.16
222,24,1,0.041666666666666664
223,72,11,0.1527777777777778
224,155,23,0.14838709677419354
225,30,5,0.16666666666666666
226,81,10,0.12345679012345678
227,21,1,0.047619047619047616
228,5,2,0.4
229,644,65,0.10093167701863354
230,372,82,0.22043010752688172
231,1033,206,0.1994191674733785
232,8,1,0.125
233,91,11,0.12087912087912088
234,1170,178,0.15213675213675212
235,344,44,0.12790697674418605
236,319,72,0.22570532915360503
237,23,3,0.13043478260869565
238,10,2,0.2
239,163,29,0.17791411042944785
240,666,102,0.15315315315315314
241,711,130,0.1828410689170183
242,216,21,0.09722222222222222
243,2,0,0.0
244,137,10,0.072992700729927
245,11,2,0.18181818181818182
246,40,6,0.15
247,49,8,0.16326530612244897
248,43,8,0.18604651162790697
249,218,19,0.0871559633027523
250,58,5,0.08620689655172414
251,672,161,0.23958333333333334
252,17,4,0.23529411764705882
253,79,1,0.012658227848101266
254,161,32,0.19875776397515527
255,16,1,0.0625
256,10,1,0.1
257,21,0,0.0
259,151,18,0.11920529801324503
260,323,51,0.15789473684210525
261,82,14,0.17073170731707318
262,392,45,0.11479591836734694
263,979,163,0.16649642492339123
264,355,50,0.14084507042253522
265,28,0,0.0
266,207,12,0.057971014492753624
268,56,3,0.05357142857142857
269,84,18,0.21428571428571427
270,117,12,0.10256410256410256
271,47,2,0.0425531914893617
272,21,1,0.047619047619047616
273,68,6,0.08823529411764706
274,260,50,0.19230769230769232
275,210,31,0.14761904761904762
276,989,136,0.13751263902932254
277,43,5,0.11627906976744186
278,24,4,0.16666666666666666
279,19,1,0.05263157894736842
280,411,59,0.1435523114355231
281,16,2,0.125
282,1,0,0.0
283,5,1,0.2
284,56,5,0.08928571428571429
285,7,1,0.14285714285714285
286,40,4,0.1
287,189,26,0.13756613756613756
288,203,29,0.14285714285714285
289,106,12,0.11320754716981132
290,299,58,0.1939799331103679
291,181,23,0.1270718232044199
292,368,61,0.16576086956521738
293,33,8,0.24242424242424243
294,38,4,0.10526315789473684
296,59,6,0.1016949152542373
297,50,10,0.2
298,51,6,0.11764705882352941
299,1527,336,0.2200392927308448
300,7,3,0.42857142857142855
301,370,75,0.20270270270270271
302,12,1,0.08333333333333333
303,24,0,0.0
304,8,0,0.0
305,73,6,0.0821917808219178
306,12,0,0.0
307,35,3,0.08571428571428572
308,113,18,0.1592920353982301
309,396,66,0.16666666666666666
310,124,14,0.11290322580645161
311,85,16,0.18823529411764706
312,46,10,0.21739130434782608
313,175,27,0.15428571428571428
314,196,41,0.20918367346938777
315,135,8,0.05925925925925926
316,10,1,0.1
317,126,22,0.1746031746031746
318,38,5,0.13157894736842105
319,119,21,0.17647058823529413
320,208,38,0.18269230769230768
321,76,5,0.06578947368421052
322,381,83,0.2178477690288714
323,6,0,0.0
324,86,13,0.1511627906976744
325,9,1,0.1111111111111111
326,105,21,0.2
327,20,4,0.2
328,18,3,0.16666666666666666
329,592,123,0.20777027027027026
330,49,3,0.061224489795918366
331,142,31,0.21830985915492956
332,25,5,0.2
333,301,53,0.1760797342192691
334,909,104,0.11441144114411442
335,7,0,0.0
336,54,8,0.14814814814814814
337,353,81,0.22946175637393768
338,531,123,0.23163841807909605
339,222,28,0.12612612612612611
340,109,13,0.11926605504587157
341,85,7,0.08235294117647059
342,142,20,0.14084507042253522
343,1559,290,0.1860166773572803
344,393,75,0.19083969465648856
345,32,1,0.03125
346,66,10,0.15151515151515152
347,129,20,0.15503875968992248
348,266,48,0.18045112781954886
349,75,15,0.2
350,724,100,0.13812154696132597
351,501,101,0.20159680638722555
352,2,0,0.0
353,18,2,0.1111111111111111
354,19,7,0.3684210526315789
355,3,1,0.3333333333333333
356,265,53,0.2
357,405,78,0.1925925925925926
358,36,8,0.2222222222222222
360,22,6,0.2727272727272727
361,94,14,0.14893617021276595
362,471,76,0.1613588110403397
363,40,10,0.25
365,68,15,0.22058823529411764
366,3,0,0.0
367,371,65,0.1752021563342318
368,27,4,0.14814814814814814
369,62,18,0.2903225806451613
370,45,7,0.15555555555555556
372,355,59,0.16619718309859155
373,5,2,0.4
374,899,173,0.19243604004449388
375,1,0,0.0
376,105,21,0.2
377,194,43,0.22164948453608246
378,44,4,0.09090909090909091
379,1008,173,0.17162698412698413
380,36,7,0.19444444444444445
381,961,171,0.17793964620187305
382,46,13,0.2826086956521739
383,259,56,0.21621621621621623
384,168,22,0.13095238095238096
385,242,40,0.1652892561983471
386,206,39,0.18932038834951456
387,209,28,0.1339712918660287
388,66,15,0.22727272727272727
389,228,35,0.15350877192982457
390,2,0,0.0
391,54,9,0.16666666666666666
392,5,0,0.0
393,20,1,0.05
394,2,1,0.5
395,626,102,0.16293929712460065
396,789,137,0.17363751584283904
397,54,12,0.2222222222222222
398,115,17,0.14782608695652175
399,221,49,0.22171945701357465
400,220,39,0.17727272727272728
401,305,50,0.16393442622950818
402,26,2,0.07692307692307693
403,53,6,0.11320754716981132
404,1,0,0.0
405,287,46,0.1602787456445993
406,22,1,0.045454545454545456
407,21,7,0.3333333333333333
408,44,6,0.13636363636363635
409,218,50,0.22935779816513763
410,148,16,0.10810810810810811
411,6,0,0.0
413,99,15,0.15151515151515152
414,144,21,0.14583333333333334
415,94,17,0.18085106382978725
416,97,20,0.20618556701030927
417,429,81,0.1888111888111888
418,53,3,0.05660377358490566
419,84,9,0.10714285714285714
420,91,13,0.14285714285714285
421,174,18,0.10344827586206896
422,500,65,0.13
423,101,10,0.09900990099009901
424,63,6,0.09523809523809523
425,2,0,0.0
426,29,3,0.10344827586206896
427,7,1,0.14285714285714285
428,10,4,0.4
429,5,0,0.0
430,21,3,0.14285714285714285
431,391,60,0.1534526854219949
432,60,4,0.06666666666666667
433,22,3,0.13636363636363635
434,8,1,0.125
435,35,2,0.05714285714285714
436,6,1,0.16666666666666666
437,160,19,0.11875
438,21,7,0.3333333333333333
439,113,25,0.22123893805309736
440,11,3,0.2727272727272727
441,121,23,0.19008264462809918
442,11,3,0.2727272727272727
443,14,2,0.14285714285714285
445,37,7,0.1891891891891892
446,3,0,0.0
447,320,39,0.121875
448,8,0,0.0
449,3,0,0.0
450,23,5,0.21739130434782608
452,26,3,0.11538461538461539
453,294,50,0.17006802721088435
454,102,16,0.1568627450980392
456,2,0,0.0
457,9,3,0.3333333333333333
458,61,6,0.09836065573770492
459,166,33,0.19879518072289157
460,82,10,0.12195121951219512
461,48,4,0.08333333333333333
462,95,10,0.10526315789473684
463,15,2,0.13333333333333333
464,8,2,0.25
465,55,9,0.16363636363636364
466,185,34,0.1837837837837838
467,81,5,0.06172839506172839
468,79,12,0.1518987341772152
469,94,4,0.0425531914893617
470,165,21,0.12727272727272726
471,31,2,0.06451612903225806
472,287,44,0.15331010452961671
473,6,2,0.3333333333333333
476,1,0,0.0
477,169,43,0.25443786982248523
479,361,25,0.06925207756232687
480,51,3,0.058823529411764705
481,91,10,0.10989010989010989
482,100,13,0.13
483,104,10,0.09615384615384616
485,44,9,0.20454545454545456
486,528,65,0.12310606060606061
487,37,0,0.0
488,22,7,0.3181818181818182
489,12,0,0.0
490,149,19,0.12751677852348994
491,10,3,0.3
492,16,2,0.125
493,13,0,0.0
494,366,63,0.1721311475409836
495,68,7,0.10294117647058823
496,45,4,0.08888888888888889
497,135,26,0.1925925925925926
498,27,1,0.037037037037037035
499,7,0,0.0
500,5,1,0.2
501,49,10,0.20408163265306123
502,24,4,0.16666666666666666
503,244,44,0.18032786885245902
504,69,11,0.15942028985507245
505,32,5,0.15625
506,26,3,0.11538461538461539
507,26,1,0.038461538461538464
508,2,0,0.0
509,79,20,0.25316455696202533
510,3,2,0.6666666666666666
511,32,4,0.125
512,4,0,0.0
513,351,56,0.15954415954415954
514,16,0,0.0
515,9,0,0.0
516,8,2,0.25
517,10,0,0.0
518,26,2,0.07692307692307693
519,31,4,0.12903225806451613
520,4,2,0.5
521,18,0,0.0
522,14,1,0.07142857142857142
523,62,9,0.14516129032258066
524,2,0,0.0
525,10,1,0.1
526,113,16,0.1415929203539823
527,31,4,0.12903225806451613
528,140,18,0.12857142857142856
529,21,4,0.19047619047619047
530,32,6,0.1875
531,91,11,0.12087912087912088
532,4,0,0.0
533,78,20,0.2564102564102564
535,25,2,0.08
536,36,6,0.16666666666666666
537,333,69,0.2072072072072072
538,153,22,0.1437908496732026
539,19,3,0.15789473684210525
540,96,16,0.16666666666666666
541,3,1,0.3333333333333333
542,135,30,0.2222222222222222
543,19,0,0.0
544,145,19,0.1310344827586207
545,207,33,0.15942028985507245
546,3,0,0.0
547,24,2,0.08333333333333333
548,28,6,0.21428571428571427
549,34,5,0.14705882352941177
550,6,0,0.0
551,18,3,0.16666666666666666
552,20,6,0.3
553,28,4,0.14285714285714285
554,49,10,0.20408163265306123
555,226,41,0.18141592920353983
556,358,53,0.14804469273743018
557,100,18,0.18
558,1243,245,0.19710378117457764
559,19,2,0.10526315789473684
560,5,1,0.2
561,24,9,0.375
562,8,2,0.25
563,7,0,0.0
564,195,45,0.23076923076923078
565,70,8,0.11428571428571428
566,44,6,0.13636363636363635
567,24,2,0.08333333333333333
568,12,3,0.25
569,210,37,0.1761904761904762
570,55,15,0.2727272727272727
571,73,12,0.1643835616438356
572,9,0,0.0
573,11,1,0.09090909090909091
574,2,0,0.0
575,5,1,0.2
576,28,4,0.14285714285714285
577,173,23,0.1329479768786127
578,58,10,0.1724137931034483
579,616,121,0.19642857142857142
580,35,8,0.22857142857142856
581,437,70,0.16018306636155608
582,12,1,0.08333333333333333
583,6,0,0.0
584,80,11,0.1375
585,24,2,0.08333333333333333
586,27,5,0.18518518518518517
587,246,28,0.11382113821138211
588,18,3,0.16666666666666666
589,2,0,0.0
591,47,10,0.2127659574468085
592,288,34,0.11805555555555555
593,1,0,0.0
594,9,2,0.2222222222222222
595,2,0,0.0
596,135,13,0.0962962962962963
597,23,2,0.08695652173913043
598,18,1,0.05555555555555555
599,12,1,0.08333333333333333
600,5,0,0.0
601,9,2,0.2222222222222222
602,10,2,0.2
603,3,0,0.0
604,6,0,0.0
605,119,10,0.08403361344537816
606,7,2,0.2857142857142857
607,31,5,0.16129032258064516
608,39,2,0.05128205128205128
610,18,2,0.1111111111111111
611,33,4,0.12121212121212122
612,1,0,0.0
613,54,1,0.018518518518518517
614,11,0,0.0
615,2,1,0.5
616,156,26,0.16666666666666666
617,16,2,0.125
619,1,0,0.0
620,40,9,0.225
621,32,7,0.21875
622,3,0,0.0
623,24,1,0.041666666666666664
624,72,8,0.1111111111111111
625,6,2,0.3333333333333333
626,36,5,0.1388888888888889
627,14,1,0.07142857142857142
628,12,2,0.16666666666666666
629,81,13,0.16049382716049382
630,8,1,0.125
631,1,0,0.0
632,73,11,0.1506849315068493
633,7,2,0.2857142857142857
634,3,2,0.6666666666666666
635,15,2,0.13333333333333333
636,85,11,0.12941176470588237
637,28,2,0.07142857142857142
638,12,3,0.25
640,146,23,0.15753424657534246
641,172,29,0.1686046511627907
643,208,38,0.18269230769230768
644,24,0,0.0
645,2,0,0.0
648,96,18,0.1875
649,46,4,0.08695652173913043
650,22,3,0.13636363636363635
651,67,10,0.14925373134328357
652,34,3,0.08823529411764706
653,160,32,0.2
654,48,9,0.1875
655,59,3,0.05084745762711865
656,46,8,0.17391304347826086
657,210,28,0.13333333333333333
658,212,43,0.2028301886792453
660,39,3,0.07692307692307693
661,13,3,0.23076923076923078
666,22,2,0.09090909090909091
667,152,25,0.16447368421052633
669,52,10,0.19230769230769232
670,63,2,0.031746031746031744
671,6,0,0.0
672,17,5,0.29411764705882354
673,19,1,0.05263157894736842
674,1,1,1.0
675,5,0,0.0
676,7,0,0.0
677,57,9,0.15789473684210525
678,34,11,0.3235294117647059
679,9,1,0.1111111111111111
680,7,2,0.2857142857142857
681,8,1,0.125
682,49,5,0.10204081632653061
683,3,1,0.3333333333333333
684,4,0,0.0
685,109,33,0.30275229357798167
686,15,0,0.0
687,25,1,0.04
688,1,0,0.0
690,1,0,0.0
692,4,0,0.0
693,97,19,0.1958762886597938
694,15,2,0.13333333333333333
695,21,0,0.0
696,2,0,0.0
697,138,19,0.13768115942028986
698,116,17,0.14655172413793102
699,3,1,0.3333333333333333
700,63,14,0.2222222222222222
701,29,7,0.2413793103448276
702,4,0,0.0
703,89,15,0.16853932584269662
704,217,35,0.16129032258064516
705,12,4,0.3333333333333333
706,15,1,0.06666666666666667
707,69,15,0.21739130434782608
708,24,6,0.25
709,10,1,0.1
710,15,2,0.13333333333333333
711,76,18,0.23684210526315788
712,77,17,0.22077922077922077
713,30,0,0.0
714,4,0,0.0
715,36,11,0.3055555555555556
716,2,0,0.0
717,29,3,0.10344827586206896
718,115,20,0.17391304347826086
719,88,9,0.10227272727272728
720,12,2,0.16666666666666666
721,24,2,0.08333333333333333
722,1,1,1.0
723,91,22,0.24175824175824176
724,82,21,0.25609756097560976
725,2,0,0.0
726,5,0,0.0
727,63,17,0.2698412698412698
728,63,10,0.15873015873015872
729,41,2,0.04878048780487805
730,191,25,0.13089005235602094
731,11,0,0.0
733,17,3,0.17647058823529413
734,20,3,0.15
735,94,18,0.19148936170212766
736,309,22,0.07119741100323625
737,242,44,0.18181818181818182
738,143,17,0.11888111888111888
739,11,0,0.0
740,3,0,0.0
741,5,1,0.2
742,2,0,0.0
743,113,18,0.1592920353982301
744,61,7,0.11475409836065574
745,131,30,0.22900763358778625
746,173,33,0.1907514450867052
747,174,30,0.1724137931034483
748,149,2,0.013422818791946308
750,5,0,0.0
751,60,7,0.11666666666666667
754,25,1,0.04
755,19,0,0.0
756,5,1,0.2
757,2,0,0.0
758,10,1,0.1
759,79,14,0.17721518987341772
760,63,2,0.031746031746031744
761,9,2,0.2222222222222222
762,5,1,0.2
763,9,1,0.1111111111111111
764,32,1,0.03125
765,45,5,0.1111111111111111
766,48,10,0.20833333333333334
767,38,3,0.07894736842105263
768,30,1,0.03333333333333333
770,7,0,0.0
771,96,21,0.21875
772,4,2,0.5
773,6,1,0.16666666666666666
774,1,0,0.0
775,17,0,0.0
776,44,3,0.06818181818181818
777,17,2,0.11764705882352941
779,24,2,0.08333333333333333
781,21,2,0.09523809523809523
783,35,8,0.22857142857142856
784,64,7,0.109375
785,17,1,0.058823529411764705
786,5,0,0.0
787,1,0,0.0
788,90,18,0.2
789,15,4,0.26666666666666666
790,73,8,0.1095890410958904
791,90,13,0.14444444444444443
792,2,0,0.0
793,1,0,0.0
795,193,34,0.17616580310880828
796,20,1,0.05
797,32,2,0.0625
798,17,2,0.11764705882352941
799,25,2,0.08
800,61,15,0.2459016393442623
802,3,1,0.3333333333333333
803,3,0,0.0
804,29,3,0.10344827586206896
805,69,11,0.15942028985507245
806,12,1,0.08333333333333333
807,30,0,0.0
808,196,40,0.20408163265306123
809,18,1,0.05555555555555555
810,1,0,0.0
811,7,2,0.2857142857142857
812,32,4,0.125
813,25,1,0.04
814,7,1,0.14285714285714285
815,3,0,0.0
816,2,0,0.0
817,5,0,0.0
818,56,10,0.17857142857142858
819,54,8,0.14814814814814814
820,4,1,0.25
821,41,8,0.1951219512195122
822,20,4,0.2
823,2,1,0.5
824,9,1,0.1111111111111111
825,1,0,0.0
827,3,0,0.0
828,138,20,0.14492753623188406
829,9,0,0.0
830,36,3,0.08333333333333333
831,83,21,0.25301204819277107
832,201,30,0.14925373134328357
833,13,0,0.0
834,17,2,0.11764705882352941
835,3,1,0.3333333333333333
836,4,0,0.0
837,4,1,0.25
838,6,0,0.0
839,4,0,0.0
840,53,12,0.22641509433962265
842,1,0,0.0
843,1,0,0.0
844,27,2,0.07407407407407407
846,3,0,0.0
847,58,7,0.1206896551724138
848,24,4,0.16666666666666666
849,1,0,0.0
850,517,96,0.18568665377176016
851,2,0,0.0
852,4,1,0.25
853,96,17,0.17708333333333334
854,28,10,0.35714285714285715
855,2,0,0.0
856,17,2,0.11764705882352941
857,131,15,0.11450381679389313
858,112,12,0.10714285714285714
859,1,0,0.0
860,35,4,0.11428571428571428
861,86,12,0.13953488372093023
862,5,0,0.0
863,15,2,0.13333333333333333
864,16,2,0.125
867,5,0,0.0
869,81,13,0.16049382716049382
870,29,2,0.06896551724137931
871,22,10,0.45454545454545453
872,13,3,0.23076923076923078
873,13,0,0.0
874,1,1,1.0
875,20,3,0.15
876,10,1,0.1
877,4,1,0.25
878,12,3,0.25
879,6,0,0.0
880,1,0,0.0
881,2,0,0.0
883,20,2,0.1
885,44,5,0.11363636363636363
886,4,0,0.0
887,72,24,0.3333333333333333
888,14,0,0.0
890,38,6,0.15789473684210525
891,12,0,0.0
892,18,2,0.1111111111111111
893,44,6,0.13636363636363635
896,7,0,0.0
898,2,0,0.0
900,8,1,0.125
901,13,2,0.15384615384615385
902,10,2,0.2
903,11,1,0.09090909090909091
904,29,6,0.20689655172413793
905,2,0,0.0
907,2,1,0.5
908,8,0,0.0
909,15,1,0.06666666666666667
911,5,0,0.0
912,7,1,0.14285714285714285
913,32,1,0.03125
914,11,1,0.09090909090909091
915,33,10,0.30303030303030304
916,102,23,0.22549019607843138
918,2,0,0.0
919,26,3,0.11538461538461539
920,3,0,0.0
922,141,18,0.1276595744680851
923,70,17,0.24285714285714285
924,20,3,0.15
925,2,0,0.0
926,2,0,0.0
927,9,2,0.2222222222222222
928,103,16,0.1553398058252427
929,120,17,0.14166666666666666
930,1,0,0.0
931,1,0,0.0
932,12,1,0.08333333333333333
933,49,8,0.16326530612244897
934,12,0,0.0
936,2,1,0.5
937,54,6,0.1111111111111111
939,1,0,0.0
941,117,15,0.1282051282051282
942,17,3,0.17647058823529413
943,15,1,0.06666666666666667
944,27,3,0.1111111111111111
945,156,21,0.1346153846153846
946,44,7,0.1590909090909091
947,2,1,0.5
948,132,23,0.17424242424242425
949,2,0,0.0
950,1,0,0.0
951,7,2,0.2857142857142857
952,31,8,0.25806451612903225
953,12,3,0.25
954,22,1,0.045454545454545456
955,16,0,0.0
956,11,0,0.0
957,37,3,0.08108108108108109
962,13,0,0.0
963,46,2,0.043478260869565216
964,37,1,0.02702702702702703
965,64,8,0.125
966,2,2,1.0
968,77,12,0.15584415584415584
969,9,2,0.2222222222222222
970,43,7,0.16279069767441862
972,37,4,0.10810810810810811
973,12,3,0.25
975,1,0,0.0
976,3,0,0.0
977,13,4,0.3076923076923077
979,4,0,0.0
980,134,16,0.11940298507462686
981,3,1,0.3333333333333333
983,9,1,0.1111111111111111
984,10,3,0.3
985,3,1,0.3333333333333333
986,4,1,0.25
987,6,1,0.16666666666666666
988,2,0,0.0
989,13,0,0.0
990,9,1,0.1111111111111111
991,3,0,0.0
992,3,0,0.0
993,1,0,0.0
994,1,0,0.0
996,2,0,0.0
997,3,0,0.0
1000,12,3,0.25
1001,14,0,0.0
1002,26,3,0.11538461538461539
1003,17,0,0.0
1004,2,0,0.0
1005,5,0,0.0
1006,2,1,0.5
1007,10,2,0.2
1009,19,3,0.15789473684210525
1012,16,2,0.125
1014,5,1,0.2
1015,3,1,0.3333333333333333
1016,53,8,0.1509433962264151
1017,11,0,0.0
1018,2,0,0.0
1019,1,0,0.0
1020,4,0,0.0
1021,21,5,0.23809523809523808
1022,11,0,0.0
1023,26,6,0.23076923076923078
1025,5,1,0.2
1026,2,1,0.5
1027,26,3,0.11538461538461539
1028,61,13,0.21311475409836064
1029,3,1,0.3333333333333333
1030,37,5,0.13513513513513514
1031,108,19,0.17592592592592593
1032,1,0,0.0
1033,15,4,0.26666666666666666
1034,29,1,0.034482758620689655
1035,7,1,0.14285714285714285
1036,17,1,0.058823529411764705
1037,11,1,0.09090909090909091
1038,4,0,0.0
1039,112,12,0.10714285714285714
1040,1,0,0.0
1042,220,42,0.19090909090909092
1043,19,0,0.0
1044,46,3,0.06521739130434782
1045,125,22,0.176
1046,11,3,0.2727272727272727
1047,16,4,0.25
1048,23,2,0.08695652173913043
1049,8,1,0.125
1050,3,0,0.0
1052,7,0,0.0
1053,18,2,0.1111111111111111
1054,16,2,0.125
1055,17,4,0.23529411764705882
1057,1,1,1.0
1058,10,4,0.4
1059,5,0,0.0
1060,1,0,0.0
1061,51,8,0.1568627450980392
1062,81,11,0.13580246913580246
1063,7,0,0.0
1064,9,1,0.1111111111111111
1065,11,3,0.2727272727272727
1066,33,5,0.15151515151515152
1067,14,2,0.14285714285714285
1068,1,0,0.0
1069,26,3,0.11538461538461539
1070,31,6,0.1935483870967742
1071,1,0,0.0
1072,109,15,0.13761467889908258
1076,30,1,0.03333333333333333
1077,8,1,0.125
1078,136,3,0.022058823529411766
1079,39,7,0.1794871794871795
1080,111,21,0.1891891891891892
1081,14,2,0.14285714285714285
1082,8,2,0.25
1084,26,1,0.038461538461538464
1085,11,3,0.2727272727272727
1086,136,29,0.21323529411764705
1087,12,1,0.08333333333333333
1088,25,8,0.32
1089,74,17,0.22972972972972974
1090,7,1,0.14285714285714285
1091,3,0,0.0
1092,3,0,0.0
1093,26,3,0.11538461538461539
1094,11,3,0.2727272727272727
1095,33,3,0.09090909090909091
1096,19,4,0.21052631578947367
1097,58,0,0.0
1098,19,3,0.15789473684210525
1099,1,0,0.0
1100,68,13,0.19117647058823528
1101,27,4,0.14814814814814814
1102,7,1,0.14285714285714285
1103,2,0,0.0
1104,3,1,0.3333333333333333
1105,25,3,0.12
1106,9,1,0.1111111111111111
1107,30,5,0.16666666666666666
1108,22,1,0.045454545454545456
1111,57,9,0.15789473684210525
1112,5,1,0.2
1113,20,2,0.1
1114,41,6,0.14634146341463414
1115,83,13,0.1566265060240964
1116,2,1,0.5
1117,39,1,0.02564102564102564
1118,9,1,0.1111111111111111
1119,19,6,0.3157894736842105
1120,52,5,0.09615384615384616
1121,11,0,0.0
1122,2,0,0.0
1123,41,6,0.14634146341463414
1124,13,1,0.07692307692307693
1126,53,8,0.1509433962264151
1127,8,1,0.125
1128,18,4,0.2222222222222222
1129,13,4,0.3076923076923077
1130,1,0,0.0
1131,36,4,0.1111111111111111
1132,1,0,0.0
1133,3,1,0.3333333333333333
1134,24,6,0.25
1135,13,2,0.15384615384615385
1136,8,3,0.375
1137,5,1,0.2
1139,8,0,0.0
1140,13,1,0.07692307692307693
1141,17,2,0.11764705882352941
1142,53,6,0.11320754716981132
1143,122,16,0.13114754098360656
1144,20,2,0.1
1145,25,3,0.12
1146,5,0,0.0
1147,60,7,0.11666666666666667
1148,37,12,0.32432432432432434
1150,18,2,0.1111111111111111
1151,1,0,0.0
1152,11,1,0.09090909090909091
1153,4,0,0.0
1154,35,4,0.11428571428571428
1155,4,2,0.5
1156,2,0,0.0
1157,2,1,0.5
1158,1,0,0.0
1159,2,0,0.0
1160,6,0,0.0
1161,11,2,0.18181818181818182
1162,217,1,0.004608294930875576
1163,12,2,0.16666666666666666
1164,4,0,0.0
1165,10,1,0.1
1166,22,2,0.09090909090909091
1167,7,0,0.0
1168,92,24,0.2608695652173913
1169,6,0,0.0
1170,13,2,0.15384615384615385
1171,1,0,0.0
1172,17,1,0.058823529411764705
1173,4,1,0.25
1174,224,2,0.008928571428571428
1175,69,13,0.18840579710144928
1176,69,10,0.14492753623188406
1177,6,0,0.0
1178,10,0,0.0
1179,1,0,0.0
1181,18,2,0.1111111111111111
1182,36,1,0.027777777777777776
1183,13,2,0.15384615384615385
1184,187,32,0.1711229946524064
1185,2,0,0.0
1186,3,0,0.0
1187,14,4,0.2857142857142857
1188,6,2,0.3333333333333333
1189,2,1,0.5
1190,1,0,0.0
1191,2,0,0.0
1192,6,2,0.3333333333333333
1193,198,31,0.15656565656565657
1194,11,1,0.09090909090909091
1195,45,4,0.08888888888888889
1197,15,3,0.2
1198,5,0,0.0
1199,14,0,0.0
1200,7,1,0.14285714285714285
1201,6,1,0.16666666666666666
1202,15,1,0.06666666666666667
1205,5,0,0.0
1207,1,0,0.0
1208,26,4,0.15384615384615385
1209,8,0,0.0
1210,2,0,0.0
1211,8,0,0.0
1212,18,5,0.2777777777777778
1213,13,0,0.0
1214,49,3,0.061224489795918366
1215,19,1,0.05263157894736842
1218,47,17,0.3617021276595745
1219,53,11,0.20754716981132076
1221,8,0,0.0
1222,2,0,0.0
1225,1,0,0.0
1226,18,3,0.16666666666666666
1227,47,4,0.0851063829787234
1228,11,2,0.18181818181818182
1230,32,6,0.1875
1231,10,1,0.1
1232,55,7,0.12727272727272726
1235,28,5,0.17857142857142858
1236,23,4,0.17391304347826086
1237,8,1,0.125
1238,2,0,0.0
1241,8,0,0.0
1242,1,0,0.0
1244,4,0,0.0
1245,33,4,0.12121212121212122
1246,1,1,1.0
1247,6,0,0.0
1248,8,2,0.25
1249,18,5,0.2777777777777778
1252,1,0,0.0
1253,55,9,0.16363636363636364
1254,1,0,0.0
1255,15,4,0.26666666666666666
1257,9,1,0.1111111111111111
1258,114,30,0.2631578947368421
1259,87,22,0.25287356321839083
1260,3,0,0.0
1261,71,8,0.11267605633802817
1263,19,2,0.10526315789473684
1265,50,11,0.22
1267,5,0,0.0
1268,28,3,0.10714285714285714
1269,58,5,0.08620689655172414
1270,5,0,0.0
1271,2,0,0.0
1272,6,1,0.16666666666666666
1273,6,1,0.16666666666666666
1274,2,1,0.5
1276,2,0,0.0
1279,49,11,0.22448979591836735
1280,7,0,0.0
1282,13,3,0.23076923076923078
1283,2,0,0.0
1284,1,0,0.0
1285,41,11,0.2682926829268293
1286,1,0,0.0
1287,7,1,0.14285714285714285
1288,1,0,0.0
1289,2,0,0.0
1290,2,1,0.5
1291,22,2,0.09090909090909091
1292,5,1,0.2
1293,4,1,0.25
1296,19,4,0.21052631578947367
1297,60,10,0.16666666666666666
1298,12,1,0.08333333333333333
1299,6,0,0.0
1300,9,0,0.0
1302,5,0,0.0
1303,7,2,0.2857142857142857
1304,2,0,0.0
1305,44,5,0.11363636363636363
1306,24,6,0.25
1307,1,0,0.0
1308,4,0,0.0
1309,5,2,0.4
1310,11,2,0.18181818181818182
1311,8,1,0.125
1312,3,0,0.0
1313,21,0,0.0
1315,1,0,0.0
1316,32,3,0.09375
1317,3,1,0.3333333333333333
1318,5,0,0.0
1319,7,0,0.0
1320,6,1,0.16666666666666666
1321,27,3,0.1111111111111111
1322,12,2,0.16666666666666666
1324,1,1,1.0
1327,6,0,0.0
1329,29,1,0.034482758620689655
1330,2,1,0.5
1331,9,2,0.2222222222222222
1332,2,0,0.0
1333,5,1,0.2
1335,1,0,0.0
1336,35,10,0.2857142857142857
1337,6,0,0.0
1338,15,1,0.06666666666666667
1340,6,0,0.0
1341,6,2,0.3333333333333333
1343,105,19,0.18095238095238095
1344,4,3,0.75
1345,93,15,0.16129032258064516
1346,10,4,0.4
1348,6,1,0.16666666666666666
1349,8,1,0.125
1350,12,0,0.0
1351,18,3,0.16666666666666666
1352,9,1,0.1111111111111111
1353,2,0,0.0
1354,2,1,0.5
1358,7,1,0.14285714285714285
1359,2,1,0.5
1361,20,2,0.1
1362,40,6,0.15
1363,12,1,0.08333333333333333
1364,23,0,0.0
1366,14,4,0.2857142857142857
1367,1,0,0.0
1369,3,1,0.3333333333333333
1371,15,5,0.3333333333333333
1372,4,0,0.0
1374,15,7,0.4666666666666667
1376,18,3,0.16666666666666666
1378,3,0,0.0
1379,16,2,0.125
1382,4,0,0.0
1383,2,0,0.0
1384,10,1,0.1
1385,1,0,0.0
1386,31,12,0.3870967741935484
1387,13,0,0.0
1388,2,0,0.0
1392,34,3,0.08823529411764706
1393,6,1,0.16666666666666666
1394,28,3,0.10714285714285714
1395,1,0,0.0
1396,8,2,0.25
1397,11,0,0.0
1398,34,6,0.17647058823529413
1399,44,10,0.22727272727272727
1401,17,3,0.17647058823529413
1402,7,0,0.0
1403,8,0,0.0
1404,97,13,0.13402061855670103
1405,14,2,0.14285714285714285
1406,7,0,0.0
1407,24,2,0.08333333333333333
1408,49,2,0.04081632653061224
1409,15,1,0.06666666666666667
1410,11,1,0.09090909090909091
1411,4,2,0.5
1412,24,1,0.041666666666666664
1413,2,0,0.0
1414,1,1,1.0
1415,3,2,0.6666666666666666
1416,2,1,0.5
1417,14,1,0.07142857142857142
1418,17,0,0.0
1419,27,8,0.2962962962962963
1420,4,0,0.0
1421,6,0,0.0
1422,17,1,0.058823529411764705
1423,36,5,0.1388888888888889
1424,2,1,0.5
1426,2,0,0.0
1427,7,1,0.14285714285714285
1428,2,0,0.0
1429,34,11,0.3235294117647059
1431,4,0,0.0
1433,2,0,0.0
1434,25,6,0.24
1435,11,0,0.0
1436,72,7,0.09722222222222222
1437,16,3,0.1875
1438,6,2,0.3333333333333333
1439,3,0,0.0
1440,1,0,0.0
1441,1,0,0.0
1442,1,1,1.0
1443,1,0,0.0
1444,10,0,0.0
1445,5,1,0.2
1446,8,0,0.0
1447,1,0,0.0
1448,6,0,0.0
1449,14,1,0.07142857142857142
1450,29,8,0.27586206896551724
1451,17,1,0.058823529411764705
1452,12,1,0.08333333333333333
1454,2,1,0.5
1455,1,0,0.0
1456,9,1,0.1111111111111111
1458,2,1,0.5
1459,1,0,0.0
1460,12,1,0.08333333333333333
1461,6,2,0.3333333333333333
1463,2,0,0.0
1464,1,0,0.0
1465,40,9,0.225
1467,12,2,0.16666666666666666
1469,8,2,0.25
1470,10,2,0.2
1471,1,0,0.0
1474,86,13,0.1511627906976744
1475,1,1,1.0
1477,149,15,0.10067114093959731
1480,35,3,0.08571428571428572
1481,6,2,0.3333333333333333
1482,24,7,0.2916666666666667
1483,1,1,1.0
1484,4,0,0.0
1485,40,5,0.125
1487,38,12,0.3157894736842105
1488,6,3,0.5
1491,8,1,0.125
1493,10,3,0.3
1494,1,0,0.0
1495,7,1,0.14285714285714285
1498,2,0,0.0
1499,6,2,0.3333333333333333
1501,100,23,0.23
1502,3,0,0.0
1503,2,0,0.0
1504,4,1,0.25
1505,8,1,0.125
1507,3,1,0.3333333333333333
1508,21,6,0.2857142857142857
1509,2,0,0.0
1510,31,5,0.16129032258064516
1511,51,4,0.0784313725490196
1512,2,0,0.0
1513,20,3,0.15
1514,6,1,0.16666666666666666
1515,1,0,0.0
1516,1,0,0.0
1517,5,2,0.4
1518,8,1,0.125
1519,3,1,0.3333333333333333
1520,2,0,0.0
1521,3,0,0.0
1522,22,4,0.18181818181818182
1523,2,0,0.0
1524,4,3,0.75
1525,36,0,0.0
1526,4,0,0.0
1527,16,1,0.0625
1528,10,2,0.2
1529,15,4,0.26666666666666666
1531,10,2,0.2
1532,6,2,0.3333333333333333
1534,38,4,0.10526315789473684
1537,22,1,0.045454545454545456
1538,23,5,0.21739130434782608
1540,1,0,0.0
1541,5,1,0.2
1542,4,2,0.5
1546,22,3,0.13636363636363635
1547,7,1,0.14285714285714285
1548,2,1,0.5
1551,1,0,0.0
1552,23,2,0.08695652173913043
1553,7,0,0.0
1554,12,1,0.08333333333333333
1557,4,2,0.5
1558,58,12,0.20689655172413793
1560,11,4,0.36363636363636365
1561,6,2,0.3333333333333333
1562,39,9,0.23076923076923078
1563,34,5,0.14705882352941177
1564,16,1,0.0625
1565,55,9,0.16363636363636364
1567,22,5,0.22727272727272727
1568,5,0,0.0
1569,5,0,0.0
1570,9,3,0.3333333333333333
1571,3,0,0.0
1575,9,0,0.0
1576,7,1,0.14285714285714285
1577,1,1,1.0
1578,19,2,0.10526315789473684
1580,23,3,0.13043478260869565
1581,13,1,0.07692307692307693
1582,29,6,0.20689655172413793
1583,7,2,0.2857142857142857
1586,16,2,0.125
1587,7,1,0.14285714285714285
1588,8,3,0.375
1591,144,5,0.034722222222222224
1593,39,5,0.1282051282051282
1594,1,0,0.0
1595,7,1,0.14285714285714285
1599,13,0,0.0
1600,7,1,0.14285714285714285
1601,4,1,0.25
1603,4,0,0.0
1604,18,5,0.2777777777777778
1606,1,1,1.0
1609,1,0,0.0
1610,1,0,0.0
1612,10,2,0.2
1614,1,0,0.0
1615,5,0,0.0
1616,2,1,0.5
1618,18,3,0.16666666666666666
1619,49,7,0.14285714285714285
1620,10,1,0.1
1621,17,2,0.11764705882352941
1622,3,1,0.3333333333333333
1624,2,0,0.0
1626,3,0,0.0
1627,35,3,0.08571428571428572
1629,1,0,0.0
1630,6,1,0.16666666666666666
1631,18,3,0.16666666666666666
1632,26,5,0.19230769230769232
1633,3,0,0.0
1634,13,2,0.15384615384615385
1635,11,3,0.2727272727272727
1638,31,5,0.16129032258064516
1639,1,1,1.0
1640,22,1,0.045454545454545456
1641,4,0,0.0
1642,9,0,0.0
1643,11,0,0.0
1644,3,1,0.3333333333333333
1647,4,1,0.25
1648,1,0,0.0
1649,7,1,0.14285714285714285
1651,3,1,0.3333333333333333
1652,6,0,0.0
1653,8,1,0.125
1654,9,2,0.2222222222222222
1658,8,1,0.125
1659,4,0,0.0
1662,1,0,0.0
1663,1,0,0.0
1665,20,2,0.1
1668,23,1,0.043478260869565216
1669,2,0,0.0
1670,5,1,0.2
1671,2,1,0.5
1672,5,0,0.0
1673,1,0,0.0
1674,11,0,0.0
1675,22,2,0.09090909090909091
1676,6,0,0.0
1678,11,0,0.0
1679,1,0,0.0
1680,7,0,0.0
1681,5,1,0.2
1682,1,0,0.0
1683,1,0,0.0
1684,9,1,0.1111111111111111
1685,6,0,0.0
1686,7,1,0.14285714285714285
1688,4,1,0.25
1690,16,1,0.0625
1692,1,0,0.0
1693,13,2,0.15384615384615385
1694,29,8,0.27586206896551724
1695,1,0,0.0
1696,7,1,0.14285714285714285
1697,15,4,0.26666666666666666
1698,5,1,0.2
1699,14,2,0.14285714285714285
1700,7,2,0.2857142857142857
1701,5,0,0.0
1702,7,0,0.0
1703,5,1,0.2
1704,8,1,0.125
1706,1,0,0.0
1707,2,0,0.0
1708,3,0,0.0
1709,1,1,1.0
1710,4,0,0.0
1711,8,0,0.0
1712,17,2,0.11764705882352941
1713,7,3,0.42857142857142855
1714,36,10,0.2777777777777778
1716,11,2,0.18181818181818182
1718,35,8,0.22857142857142856
1719,15,6,0.4
1723,1,0,0.0
1725,1,0,0.0
1726,10,0,0.0
1728,346,0,0.0
1729,6,2,0.3333333333333333
1730,21,2,0.09523809523809523
1732,5,0,0.0
1734,30,6,0.2
1735,26,2,0.07692307692307693
1736,2,1,0.5
1737,26,1,0.038461538461538464
1738,2,0,0.0
1739,4,0,0.0
1741,4,1,0.25
1742,3,0,0.0
1743,6,2,0.3333333333333333
1744,2,0,0.0
1745,38,6,0.15789473684210525
1746,1,0,0.0
1747,3,0,0.0
1748,5,0,0.0
1750,9,2,0.2222222222222222
1752,1,0,0.0
1756,10,2,0.2
1757,11,2,0.18181818181818182
1760,12,5,0.4166666666666667
1761,3,0,0.0
1763,28,1,0.03571428571428571
1764,3,0,0.0
1765,5,1,0.2
1766,1,0,0.0
1767,1,0,0.0
1768,4,2,0.5
1769,3,1,0.3333333333333333
1771,1,0,0.0
1772,11,2,0.18181818181818182
1773,8,2,0.25
1774,2,0,0.0
1775,39,3,0.07692307692307693
1776,6,1,0.16666666666666666
1777,18,6,0.3333333333333333
1779,8,2,0.25
1780,1,1,1.0
1781,10,1,0.1
1782,4,1,0.25
1783,16,3,0.1875
1784,5,1,0.2
1785,11,1,0.09090909090909091
1787,12,2,0.16666666666666666
1788,1,0,0.0
1789,14,4,0.2857142857142857
1792,11,1,0.09090909090909091
1793,3,0,0.0
1794,16,3,0.1875
1795,26,3,0.11538461538461539
1796,4,0,0.0
1797,14,0,0.0
1798,10,2,0.2
1799,33,7,0.21212121212121213
1800,3,0,0.0
1801,8,1,0.125
1803,33,1,0.030303030303030304
1804,3,0,0.0
1805,1,0,0.0
1806,1,0,0.0
1807,12,0,0.0
1808,27,10,0.37037037037037035
1809,2,0,0.0
1810,19,3,0.15789473684210525
1811,22,5,0.22727272727272727
1812,1,0,0.0
1813,21,2,0.09523809523809523
1814,4,0,0.0
1815,4,1,0.25
1818,24,0,0.0
1819,2,0,0.0
1820,7,0,0.0
1821,1,0,0.0
1822,18,7,0.3888888888888889
1824,1,0,0.0
1825,1,0,0.0
1826,41,6,0.14634146341463414
1827,2,0,0.0
1828,4,0,0.0
1829,12,2,0.16666666666666666
1830,32,1,0.03125
1832,2,0,0.0
1834,14,1,0.07142857142857142
1835,1,1,1.0
1836,3,0,0.0
1837,23,0,0.0
1838,5,0,0.0
1839,91,12,0.13186813186813187
1842,1,0,0.0
1843,5,0,0.0
1844,3,2,0.6666666666666666
1846,3,0,0.0
1847,3,2,0.6666666666666666
1848,4,0,0.0
1849,15,3,0.2
1852,24,3,0.125
1853,1,0,0.0
1854,4,1,0.25
1855,12,3,0.25
1856,42,2,0.047619047619047616
1857,2,0,0.0
1858,1,0,0.0
1859,19,4,0.21052631578947367
1860,9,5,0.5555555555555556
1861,11,2,0.18181818181818182
1862,1,0,0.0
1863,3,0,0.0
1864,25,8,0.32
1865,6,0,0.0
1866,4,1,0.25
1867,19,0,0.0
1868,5,2,0.4
1869,10,2,0.2
1871,14,2,0.14285714285714285
1872,20,2,0.1
1873,19,3,0.15789473684210525
1874,9,3,0.3333333333333333
1876,13,3,0.23076923076923078
1877,16,1,0.0625
1878,1,0,0.0
1879,8,1,0.125
1880,3,0,0.0
1881,5,3,0.6
1882,5,1,0.2
1883,21,2,0.09523809523809523
1884,17,1,0.058823529411764705
1885,1,0,0.0
1887,11,1,0.09090909090909091
1889,20,1,0.05
1890,18,0,0.0
1894,9,1,0.1111111111111111
1895,1,1,1.0
1896,1,0,0.0
1897,29,7,0.2413793103448276
1898,19,5,0.2631578947368421
1899,7,0,0.0
1900,1,0,0.0
1902,8,0,0.0
1905,12,1,0.08333333333333333
1906,1,0,0.0
1909,3,0,0.0
1910,1,0,0.0
1912,4,0,0.0
1913,5,0,0.0
1914,1,1,1.0
1915,11,1,0.09090909090909091
1916,2,0,0.0
1917,1,0,0.0
1918,3,0,0.0
1919,4,0,0.0
1920,2,1,0.5
1921,8,0,0.0
1922,13,3,0.23076923076923078
1923,13,2,0.15384615384615385
1924,3,0,0.0
1928,5,1,0.2
1929,1,0,0.0
1930,8,1,0.125
1931,11,2,0.18181818181818182
1932,1,0,0.0
1933,16,3,0.1875
1935,9,3,0.3333333333333333
1936,6,0,0.0
1939,7,0,0.0
1941,13,1,0.07692307692307693
1942,4,0,0.0
1943,4,1,0.25
1944,5,0,0.0
1945,2,0,0.0
1947,4,0,0.0
1948,13,1,0.07692307692307693
1950,26,5,0.19230769230769232
1952,3,1,0.3333333333333333
1954,5,1,0.2
1957,2,1,0.5
1958,4,0,0.0
1960,12,2,0.16666666666666666
1961,5,0,0.0
1962,24,2,0.08333333333333333
1966,3,0,0.0
1967,5,1,0.2
1969,1,0,0.0
1970,2,0,0.0
1971,2,0,0.0
1973,5,1,0.2
1974,18,3,0.16666666666666666
1976,4,0,0.0
1979,1,0,0.0
1980,10,1,0.1
1981,1,1,1.0
1982,2,0,0.0
1984,2,0,0.0
1985,3,0,0.0
1987,1,0,0.0
1988,5,1,0.2
1989,1,0,0.0
1991,6,2,0.3333333333333333
1994,1,0,0.0
1996,5,2,0.4
1997,18,2,0.1111111111111111
2000,1,0,0.0
2003,3,1,0.3333333333333333
2004,1,0,0.0
2006,2,1,0.5
2007,4,0,0.0
2009,1,1,1.0
2012,2,1,0.5
2013,11,1,0.09090909090909091
2015,3,0,0.0
2016,10,0,0.0
2018,8,2,0.25
2019,2,0,0.0
2020,4,0,0.0
2024,9,0,0.0
2025,3,0,0.0
2026,1,0,0.0
2027,9,0,0.0
2029,5,1,0.2
2030,13,2,0.15384615384615385
2031,5,0,0.0
2032,17,0,0.0
2033,8,1,0.125
2035,1,0,0.0
2036,1,1,1.0
2037,4,2,0.5
2040,8,0,0.0
2041,3,1,0.3333333333333333
2043,2,1,0.5
2045,9,3,0.3333333333333333
2046,1,0,0.0
2047,1,0,0.0
2049,6,0,0.0
2050,8,2,0.25
2051,1,0,0.0
2055,3,0,0.0
2059,2,0,0.0
2061,1,0,0.0
2062,1,0,0.0
2063,1,0,0.0
2065,3,1,0.3333333333333333
2066,3,1,0.3333333333333333
2067,1,0,0.0
2068,3,1,0.3333333333333333
2070,5,0,0.0
2071,3,0,0.0
2073,2,0,0.0
2074,1,0,0.0
2075,21,3,0.14285714285714285
2078,20,2,0.1
2080,21,4,0.19047619047619047
2081,17,2,0.11764705882352941
2082,5,0,0.0
2083,2,0,0.0
2084,1,0,0.0
2085,3,0,0.0
2088,5,1,0.2
2089,22,7,0.3181818181818182
2091,17,6,0.35294117647058826
2092,1,1,1.0
2093,9,2,0.2222222222222222
2094,4,1,0.25
2095,14,0,0.0
2097,3,0,0.0
2098,1,0,0.0
2099,8,0,0.0
2100,3,0,0.0
2101,1,1,1.0
2102,14,2,0.14285714285714285
2104,1,0,0.0
2105,3,0,0.0
2106,1,0,0.0
2109,1,0,0.0
2111,18,2,0.1111111111111111
2112,5,2,0.4
2113,23,2,0.08695652173913043
2114,1,0,0.0
2115,1,0,0.0
2117,8,0,0.0
2118,8,2,0.25
2120,5,0,0.0
2121,2,0,0.0
2123,1,0,0.0
2124,3,0,0.0
2125,6,2,0.3333333333333333
2126,1,0,0.0
2130,4,1,0.25
2131,16,4,0.25
2132,5,1,0.2
2133,6,1,0.16666666666666666
2138,7,1,0.14285714285714285
2139,6,1,0.16666666666666666
2140,1,0,0.0
2141,5,3,0.6
2143,3,1,0.3333333333333333
2144,2,0,0.0
2145,1,1,1.0
2147,8,2,0.25
2149,3,0,0.0
2151,1,0,0.0
2153,4,1,0.25
2155,1,0,0.0
2157,8,0,0.0
2158,2,0,0.0
2159,4,1,0.25
2162,4,0,0.0
2164,3,1,0.3333333333333333
2165,2,1,0.5
2166,9,2,0.2222222222222222
2167,7,0,0.0
2168,2,0,0.0
2171,6,1,0.16666666666666666
2173,3,0,0.0
2174,16,1,0.0625
2175,1,0,0.0
2177,1,0,0.0
2178,5,0,0.0
2179,1,0,0.0
2180,8,0,0.0
2183,4,1,0.25
2186,3,1,0.3333333333333333
2187,1,0,0.0
2189,3,0,0.0
2190,3,1,0.3333333333333333
2191,3,0,0.0
2195,15,1,0.06666666666666667
2196,4,1,0.25
2198,18,1,0.05555555555555555
2199,1,0,0.0
2202,2,0,0.0
2204,56,6,0.10714285714285714
2206,27,2,0.07407407407407407
2209,4,1,0.25
2210,1,0,0.0
2211,4,1,0.25
2212,1,1,1.0
2213,1,0,0.0
2215,5,1,0.2
2217,17,4,0.23529411764705882
2218,19,5,0.2631578947368421
2219,1,0,0.0
2220,1,0,0.0
2221,5,1,0.2
2222,2,0,0.0
2223,7,1,0.14285714285714285
2224,2,0,0.0
2225,4,0,0.0
2226,1,0,0.0
2228,1,0,0.0
2231,24,4,0.16666666666666666
2232,4,0,0.0
2234,7,2,0.2857142857142857
2235,3,0,0.0
2237,6,0,0.0
2239,1,0,0.0
2240,3,0,0.0
2242,8,1,0.125
2243,7,2,0.2857142857142857
2244,4,1,0.25
2245,1,1,1.0
2248,8,1,0.125
2250,4,0,0.0
2251,6,1,0.16666666666666666
2252,4,0,0.0
2255,33,5,0.15151515151515152
2257,2,0,0.0
2258,7,0,0.0
2259,1,0,0.0
2262,18,2,0.1111111111111111
2263,3,1,0.3333333333333333
2265,2,1,0.5
2267,1,0,0.0
2268,12,1,0.08333333333333333
2271,1,0,0.0
2272,1,0,0.0
2273,3,0,0.0
2274,9,1,0.1111111111111111
2275,2,1,0.5
2278,6,2,0.3333333333333333
2280,1,0,0.0
2281,1,0,0.0
2282,4,1,0.25
2283,7,1,0.14285714285714285
2284,1,1,1.0
2285,9,3,0.3333333333333333
2286,2,0,0.0
2287,1,1,1.0
2288,11,1,0.09090909090909091
2289,18,3,0.16666666666666666
2290,9,2,0.2222222222222222
2292,8,2,0.25
2293,6,0,0.0
2295,5,1,0.2
2296,20,5,0.25
2300,11,2,0.18181818181818182
2302,1,0,0.0
2304,2,0,0.0
2305,20,2,0.1
2308,20,0,0.0
2313,3,0,0.0
2314,4,2,0.5
2315,2,1,0.5
2318,3,0,0.0
2319,2,0,0.0
2320,7,2,0.2857142857142857
2322,7,2,0.2857142857142857
2323,17,3,0.17647058823529413
2325,12,1,0.08333333333333333
2326,3,1,0.3333333333333333
2328,1,0,0.0
2329,1,0,0.0
2331,3,0,0.0
2333,2,1,0.5
2335,1,0,0.0
2337,1,1,1.0
2339,7,1,0.14285714285714285
2340,1,0,0.0
2342,1,0,0.0
2343,14,2,0.14285714285714285
2344,3,0,0.0
2345,4,1,0.25
2346,9,3,0.3333333333333333
2348,22,6,0.2727272727272727
2349,3,0,0.0
2351,11,3,0.2727272727272727
2352,3,1,0.3333333333333333
2353,1,0,0.0
2354,2,0,0.0
2355,26,2,0.07692307692307693
2356,4,0,0.0
2358,9,1,0.1111111111111111
2359,1,0,0.0
2361,2,0,0.0
2362,13,1,0.07692307692307693
2363,2,0,0.0
2364,7,1,0.14285714285714285
2368,2,0,0.0
2370,7,2,0.2857142857142857
2371,2,0,0.0
2373,5,0,0.0
2374,1,0,0.0
2375,8,0,0.0
2376,9,1,0.1111111111111111
2378,5,0,0.0
2379,1,0,0.0
2381,2,1,0.5
2382,6,1,0.16666666666666666
2383,7,2,0.2857142857142857
2385,11,0,0.0
2388,3,2,0.6666666666666666
2389,27,6,0.2222222222222222
2390,3,0,0.0
2391,3,0,0.0
2393,1,0,0.0
2394,4,1,0.25
2396,1,0,0.0
2397,1,1,1.0
2399,3,1,0.3333333333333333
2403,11,0,0.0
2407,1,0,0.0
2410,3,0,0.0
2411,14,0,0.0
2412,10,4,0.4
2413,3,1,0.3333333333333333
2414,11,4,0.36363636363636365
2416,1,1,1.0
2417,4,2,0.5
2420,2,1,0.5
2421,5,0,0.0
2423,11,0,0.0
2424,1,0,0.0
2426,4,0,0.0
2427,18,2,0.1111111111111111
2428,3,0,0.0
2429,31,6,0.1935483870967742
2430,3,0,0.0
2431,2,0,0.0
2432,30,1,0.03333333333333333
2433,1,0,0.0
2434,1,0,0.0
2435,1,0,0.0
2437,4,0,0.0
2439,2,1,0.5
2440,1,1,1.0
2442,1,1,1.0
2443,28,0,0.0
2445,6,0,0.0
2446,8,1,0.125
2449,2,0,0.0
2451,1,0,0.0
2455,6,1,0.16666666666666666
2456,16,2,0.125
2457,2,1,0.5
2458,9,1,0.1111111111111111
2459,5,0,0.0
2461,1,0,0.0
2462,1,1,1.0
2464,10,0,0.0
2466,6,2,0.3333333333333333
2468,5,0,0.0
2470,2,1,0.5
2472,4,1,0.25
2474,3,0,0.0
2475,18,4,0.2222222222222222
2478,2,0,0.0
2479,18,2,0.1111111111111111
2481,1,0,0.0
2486,1,1,1.0
2487,1,0,0.0
2488,3,0,0.0
2490,3,1,0.3333333333333333
2492,3,0,0.0
2493,1,0,0.0
2495,4,0,0.0
2497,2,0,0.0
2498,3,0,0.0
2500,4,1,0.25
2502,8,0,0.0
2503,3,0,0.0
2504,6,0,0.0
2506,17,4,0.23529411764705882
2507,1,0,0.0
2508,1,1,1.0
2509,1,0,0.0
2510,5,0,0.0
2511,2,0,0.0
2512,11,4,0.36363636363636365
2514,20,0,0.0
2518,3,1,0.3333333333333333
2520,12,1,0.08333333333333333
2521,9,1,0.1111111111111111
2525,3,0,0.0
2526,3,0,0.0
2531,5,1,0.2
2532,4,0,0.0
2533,3,0,0.0
2536,1,0,0.0
2537,1,0,0.0
2540,7,0,0.0
2543,5,1,0.2
2544,1,0,0.0
2545,9,3,0.3333333333333333
2546,1,0,0.0
2547,7,1,0.14285714285714285
2548,2,0,0.0
2551,6,0,0.0
2552,4,0,0.0
2554,1,0,0.0
2556,4,1,0.25
2558,4,1,0.25
2562,2,0,0.0
2564,3,0,0.0
2569,4,1,0.25
2570,1,1,1.0
2574,2,0,0.0
2576,9,0,0.0
2580,5,0,0.0
2583,20,1,0.05
2588,4,2,0.5
2591,2,0,0.0
2592,2,1,0.5
2593,2,1,0.5
2594,4,0,0.0
2596,5,1,0.2
2602,12,3,0.25
2603,10,1,0.1
2607,1,0,0.0
2608,2,0,0.0
2609,2,0,0.0
2610,7,2,0.2857142857142857
2611,3,0,0.0
2614,40,4,0.1
2615,6,1,0.16666666666666666
2618,1,0,0.0
2624,6,0,0.0
2625,1,0,0.0
2627,2,2,1.0
2628,10,3,0.3
2631,4,1,0.25
2633,9,2,0.2222222222222222
2637,7,1,0.14285714285714285
2639,3,0,0.0
2640,6,1,0.16666666666666666
2642,5,0,0.0
2646,1,1,1.0
2647,3,0,0.0
2649,1,0,0.0
2650,11,1,0.09090909090909091
2652,1,0,0.0
2653,6,2,0.3333333333333333
2654,1,0,0.0
2656,1,0,0.0
2660,1,0,0.0
2662,2,0,0.0
2663,25,4,0.16
2664,6,0,0.0
2666,13,2,0.15384615384615385
2667,2,0,0.0
2670,2,1,0.5
2671,4,1,0.25
2672,1,0,0.0
2674,2,0,0.0
2676,2,0,0.0
2680,6,0,0.0
2681,3,0,0.0
2683,7,1,0.14285714285714285
2685,2,0,0.0
2686,3,0,0.0
2688,2,0,0.0
2691,8,1,0.125
2693,1,0,0.0
2694,11,2,0.18181818181818182
2695,1,0,0.0
2696,3,0,0.0
2697,1,0,0.0
2698,2,0,0.0
2700,8,1,0.125
2702,2,0,0.0
2703,10,1,0.1
2705,3,0,0.0
2706,12,2,0.16666666666666666
2710,4,0,0.0
2711,4,0,0.0
2712,4,0,0.0
2716,2,0,0.0
2717,1,0,0.0
2718,1,0,0.0
2720,15,2,0.13333333333333333
2721,2,0,0.0
2723,2,1,0.5
2725,11,1,0.09090909090909091
2729,1,0,0.0
2731,11,0,0.0
2732,3,0,0.0
2736,1,0,0.0
2738,2,0,0.0
2742,2,0,0.0
2743,8,0,0.0
2747,3,0,0.0
2748,1,1,1.0
2750,2,1,0.5
2751,7,0,0.0
2752,3,0,0.0
2756,3,1,0.3333333333333333
2760,2,1,0.5
2761,12,0,0.0
2762,1,0,0.0
2763,2,0,0.0
2764,5,2,0.4
2765,1,0,0.0
2766,10,0,0.0
2767,2,0,0.0
2769,1,0,0.0
2771,4,0,0.0
2774,2,0,0.0
2777,1,0,0.0
2780,1,0,0.0
2783,1,0,0.0
2786,1,0,0.0
2787,3,1,0.3333333333333333
2788,8,2,0.25
2789,1,0,0.0
2790,1,0,0.0
2791,1,0,0.0
2792,1,0,0.0
2795,4,0,0.0
2799,7,0,0.0
2800,1,0,0.0
2801,2,1,0.5
2803,12,3,0.25
2805,1,0,0.0
2807,2,0,0.0
2808,4,0,0.0
2809,6,1,0.16666666666666666
2810,1,0,0.0
2812,9,0,0.0
2813,11,2,0.18181818181818182
2815,4,1,0.25
2817,1,0,0.0
2818,5,1,0.2
2819,1,0,0.0
2820,2,0,0.0
2823,1,0,0.0
2824,8,1,0.125
2826,10,1,0.1
2827,5,1,0.2
2829,1,0,0.0
2830,1,0,0.0
2834,3,0,0.0
2835,1,0,0.0
2836,8,2,0.25
2842,5,3,0.6
2844,2,0,0.0
2848,5,1,0.2
2849,13,3,0.23076923076923078
2850,9,0,0.0
2854,4,0,0.0
2855,1,0,0.0
2857,1,0,0.0
2858,4,1,0.25
2859,1,0,0.0
2862,2,0,0.0
2863,8,1,0.125
2865,7,3,0.42857142857142855
2870,8,0,0.0
2871,2,0,0.0
2872,3,2,0.6666666666666666
2874,2,0,0.0
2876,2,1,0.5
2886,4,2,0.5
2888,6,0,0.0
2889,3,0,0.0
2890,2,0,0.0
2896,3,0,0.0
2897,1,1,1.0
2898,5,0,0.0
2900,1,0,0.0
2906,4,0,0.0
2907,1,0,0.0
2910,2,0,0.0
2911,1,0,0.0
2916,2,0,0.0
2917,4,1,0.25
2922,1,0,0.0
2924,17,0,0.0
2925,4,0,0.0
2926,7,1,0.14285714285714285
2930,39,12,0.3076923076923077
2933,7,2,0.2857142857142857
2934,4,1,0.25
2935,8,1,0.125
2939,2,0,0.0
2940,2,1,0.5
2942,8,2,0.25
2944,2,0,0.0
2949,1,1,1.0
2950,1,0,0.0
2952,5,2,0.4
2953,1,1,1.0
2956,5,0,0.0
2959,2,0,0.0
2960,3,0,0.0
2962,1,0,0.0
2963,2,1,0.5
2968,1,0,0.0
2971,3,2,0.6666666666666666
2972,10,2,0.2
2974,2,0,0.0
2976,8,1,0.125
2977,5,0,0.0
2979,9,1,0.1111111111111111
2980,6,0,0.0
2981,1,0,0.0
2982,2,0,0.0
2984,1,0,0.0
2985,1,0,0.0
2987,2,0,0.0
2991,1,0,0.0
2994,3,0,0.0
2997,4,0,0.0
2998,2,0,0.0
2999,4,0,0.0
3000,2,0,0.0
3001,1,1,1.0
3002,6,0,0.0
3007,1,0,0.0
3009,12,3,0.25
3010,2,0,0.0
3012,1,1,1.0
3013,1,0,0.0
3014,6,3,0.5
3016,1,0,0.0
3018,2,0,0.0
3021,5,1,0.2
3023,1,0,0.0
3026,1,0,0.0
3027,2,0,0.0
3030,2,1,0.5
3031,1,0,0.0
3032,692891,4,5.772913777203052e-06
3033,1055,195,0.1848341232227488
3034,1,1,1.0
3035,4,1,0.25
3036,4,2,0.5
3037,1,0,0.0
3038,3,0,0.0
3039,2,0,0.0
3040,2,1,0.5
3041,2,0,0.0
3042,3,0,0.0
3043,15,2,0.13333333333333333
3044,6,0,0.0
3045,17,1,0.058823529411764705
3046,11,0,0.0
3047,3,1,0.3333333333333333
3048,2,0,0.0
3049,6,1,0.16666666666666666
3050,42,2,0.047619047619047616
3051,3,0,0.0
3052,3,0,0.0
3053,1,0,0.0
3054,8,0,0.0
3055,4,0,0.0
3056,1,0,0.0
3057,3,1,0.3333333333333333
3058,4,1,0.25
3059,1,0,0.0
3060,1,0,0.0
3061,3,0,0.0
3062,2,1,0.5
3063,4,1,0.25
3064,2,0,0.0
3065,1,0,0.0
3066,1,0,0.0
3067,2,0,0.0
3068,5,1,0.2
3069,1,0,0.0
3070,3,0,0.0
3071,7,1,0.14285714285714285
3072,1,0,0.0
3073,2,0,0.0
3074,2,0,0.0
3075,1,0,0.0
3076,1,0,0.0
3077,3,0,0.0
3078,4,0,0.0
3079,4,0,0.0
3080,5,0,0.0
3081,3,0,0.0
3082,1,0,0.0
3083,2,0,0.0
3084,10,1,0.1
3085,1,0,0.0
3086,4,1,0.25
3087,1,0,0.0
3088,7,2,0.2857142857142857
3089,4,0,0.0
3090,1,1,1.0
3091,2,1,0.5
3092,2,0,0.0
3093,2,0,0.0
3094,4,1,0.25
3095,1,0,0.0
3096,17,0,0.0
3097,3,0,0.0
3098,7,2,0.2857142857142857
3099,1,0,0.0
3100,5,2,0.4
3101,2,0,0.0
3102,5,0,0.0
3103,11,2,0.18181818181818182
3104,1,0,0.0
3105,6,2,0.3333333333333333
3106,24,1,0.041666666666666664
3107,1,0,0.0
3108,3,0,0.0
3109,1,1,1.0
3110,3,0,0.0
3111,2,0,0.0
3112,2,1,0.5
3113,1,0,0.0
3114,1,0,0.0
3115,3,0,0.0
3116,5,0,0.0
3117,3,1,0.3333333333333333
3118,10,3,0.3
3119,2,0,0.0
3120,1,0,0.0
3121,14,1,0.07142857142857142
3122,4,0,0.0
3123,7,1,0.14285714285714285
3124,19,1,0.05263157894736842
3125,5,0,0.0
3126,10,3,0.3
3127,6,0,0.0
3128,2,0,0.0
3129,2,0,0.0
3130,3,1,0.3333333333333333
3131,3,0,0.0
3132,3,2,0.6666666666666666
3133,7,3,0.42857142857142855
3134,4,1,0.25
3135,2,0,0.0
3136,2,0,0.0
3137,7,0,0.0
3138,3,1,0.3333333333333333
3139,5,1,0.2
3140,1,0,0.0
3141,8,0,0.0
3142,1,0,0.0
3143,3,1,0.3333333333333333
3144,2,0,0.0
3145,2,1,0.5
3146,2,0,0.0
3147,3,1,0.3333333333333333
3148,3,1,0.3333333333333333
3149,1,0,0.0
3150,3,1,0.3333333333333333
3151,5,0,0.0
3152,8,3,0.375
3153,1,0,0.0
3154,3,1,0.3333333333333333
3155,1,1,1.0
3156,7,0,0.0
3157,2,0,0.0
3158,2,0,0.0
3159,2,1,0.5
3160,12,4,0.3333333333333333
3161,8,0,0.0
3162,7,1,0.14285714285714285
3163,3,1,0.3333333333333333
3164,15,4,0.26666666666666666
3165,1,1,1.0
3166,1,0,0.0
3167,1,0,0.0
3168,1,0,0.0
3169,1,0,0.0
3170,7,1,0.14285714285714285
3171,2,0,0.0
3172,3,0,0.0
3173,1,0,0.0
3174,2,0,0.0
3175,3,0,0.0
3176,1,0,0.0
3177,1,0,0.0
3178,1,0,0.0
3179,2,0,0.0
3180,1,0,0.0
3181,5,0,0.0
3182,1,0,0.0
3183,6,1,0.16666666666666666
3184,1,1,1.0
3185,1,0,0.0
3186,3,0,0.0
3187,2,0,0.0
3188,4,0,0.0
3189,6,1,0.16666666666666666
3190,2,1,0.5
3191,1,0,0.0
3192,3,0,0.0
3193,1,0,0.0
3194,4,0,0.0
3195,1,0,0.0
3196,1,0,0.0
3197,6,2,0.3333333333333333
3198,1,0,0.0
3199,3,1,0.3333333333333333
3200,10,4,0.4
3201,1,0,0.0
3202,3,0,0.0
3203,9,2,0.2222222222222222
3204,2,1,0.5
3205,1,0,0.0
3206,6,0,0.0
3207,1,0,0.0
3208,1,0,0.0
3209,1,0,0.0
3210,10,1,0.1
3211,1,0,0.0
3212,3,0,0.0
3213,2,0,0.0
3214,1,0,0.0
3215,1,0,0.0
3216,4,0,0.0
3217,1,0,0.0
3218,1,0,0.0
3219,2,0,0.0
3220,2,0,0.0
3221,3,1,0.3333333333333333
3222,6,2,0.3333333333333333
3223,3,0,0.0
3224,4,1,0.25
3225,1,0,0.0
3226,21,2,0.09523809523809523
3227,5,0,0.0
3228,5,1,0.2
3229,2,1,0.5
3230,3,0,0.0
3231,2,1,0.5
3232,1,0,0.0
3233,3,2,0.6666666666666666
3234,1,0,0.0
3235,1,0,0.0
3236,5,1,0.2
3237,10,3,0.3
3238,5,1,0.2
3239,6,1,0.16666666666666666
3240,1,0,0.0
3241,1,1,1.0
3242,1,0,0.0
3243,3,0,0.0
3244,1,0,0.0
3245,1,0,0.0
3246,1,0,0.0
3247,1,0,0.0
3248,1,0,0.0
3249,4,0,0.0
3250,8,1,0.125
3251,4,0,0.0
3252,1,0,0.0
3253,3,1,0.3333333333333333
3254,5,2,0.4
3255,1,0,0.0
3256,3,0,0.0
3257,1,1,1.0
3258,1,0,0.0
3259,21,0,0.0
3260,9,0,0.0
3261,13,2,0.15384615384615385
3262,10,2,0.2
3263,1,0,0.0
3264,1,1,1.0
3265,1,1,1.0
3266,2,0,0.0
3267,16,3,0.1875
3268,1,1,1.0
3269,2,0,0.0
3270,1,0,0.0
3271,1,0,0.0
3272,1,0,0.0
3273,1,0,0.0
3274,2,0,0.0
3275,2,0,0.0
3276,1,0,0.0
3277,1,1,1.0
3278,1,0,0.0
3279,1,0,0.0
3280,5,0,0.0
3281,1,0,0.0
3282,6,1,0.16666666666666666
3283,3,1,0.3333333333333333
3284,5,1,0.2
3285,1,0,0.0
3286,1,1,1.0
3287,4,1,0.25
3288,2,1,0.5
3289,1,0,0.0
3290,1,0,0.0
3291,1,0,0.0
3292,2,0,0.0
3293,9,2,0.2222222222222222
3294,4,0,0.0
3295,5,0,0.0
3296,2,0,0.0
3297,1,0,0.0
3298,6,1,0.16666666666666666
3299,8,0,0.0
3300,2,0,0.0
3301,1,0,0.0
3302,1,0,0.0
3303,1,0,0.0
3304,2,0,0.0
3305,1,0,0.0
3306,2,0,0.0
3307,4,0,0.0
3308,4,1,0.25
3309,1,1,1.0
3310,1,0,0.0
3311,1,0,0.0
3312,3,0,0.0
3313,1,1,1.0
3314,2,0,0.0
3315,1,0,0.0
3316,1,0,0.0
3317,1,0,0.0
3318,1,0,0.0
3319,1,1,1.0
3320,2,1,0.5
3321,1,1,1.0
3322,2,0,0.0
3323,11,2,0.18181818181818182
3324,1,1,1.0
3325,1,1,1.0
3326,2,0,0.0
3327,2,0,0.0
3328,7,0,0.0
3329,9,3,0.3333333333333333
3330,7,1,0.14285714285714285
3331,3,2,0.6666666666666666
3332,1,1,1.0
3333,2,0,0.0
3334,1,0,0.0
3335,2,0,0.0
3336,2,0,0.0
3337,1,0,0.0
3338,2,0,0.0
3339,1,0,0.0
3340,1,1,1.0
3341,8,1,0.125
3342,1,0,0.0
3343,6,1,0.16666666666666666
3344,1,0,0.0
3345,13,0,0.0
3346,9,2,0.2222222222222222
3347,1,1,1.0
3348,1,1,1.0
3349,11,1,0.09090909090909091
3350,7,1,0.14285714285714285
3351,1,1,1.0
3352,5,1,0.2
3353,2,0,0.0
3354,1,0,0.0
3355,1,0,0.0
3356,2,0,0.0
3357,1,0,0.0
3358,1,1,1.0
3359,3,1,0.3333333333333333
3360,2,0,0.0
3361,2,0,0.0
3362,1,0,0.0
3363,2,1,0.5
3364,1,0,0.0
3365,7,3,0.42857142857142855
3366,2,0,0.0
3367,1,0,0.0
3368,6,1,0.16666666666666666
3369,2,1,0.5
3370,1,0,0.0
3371,5,0,0.0
3372,2,0,0.0
3373,7,2,0.2857142857142857
3374,2,0,0.0
3375,2,1,0.5
3376,2,0,0.0
3377,1,0,0.0
3378,1,0,0.0
3379,2,1,0.5
3380,2,0,0.0
3381,2,0,0.0
3382,8,0,0.0
3383,3,1,0.3333333333333333
3384,1,0,0.0
3385,1,1,1.0
3386,1,0,0.0
3387,1,0,0.0
3388,2,1,0.5
3389,1,0,0.0
3390,1,0,0.0
3391,2,0,0.0
3392,1,0,0.0
3393,6,1,0.16666666666666666
3394,1,0,0.0
3395,2,0,0.0
3396,3,1,0.3333333333333333
3397,4,2,0.5
3398,1,0,0.0
3399,4,0,0.0
3400,1,1,1.0
3401,2,0,0.0
3402,1,1,1.0
3403,4,2,0.5
3404,1,0,0.0
3405,4,0,0.0
3406,2,0,0.0
3407,1,1,1.0
3408,2,0,0.0
3409,3,0,0.0
3410,3,0,0.0
3411,3,0,0.0
3412,1,0,0.0
3413,1,0,0.0
3414,1,0,0.0
3415,1,0,0.0
3416,1,0,0.0
3417,2,0,0.0
3418,1,0,0.0
3419,5,0,0.0
3420,2,0,0.0
3421,6,0,0.0
3422,1,0,0.0
3423,1,0,0.0
3424,2,1,0.5
3425,1,0,0.0
3426,1,0,0.0
3427,2,0,0.0
3428,1,0,0.0
3429,3,0,0.0
3430,1,0,0.0
3431,1,0,0.0
3432,1,1,1.0
3433,2,1,0.5
3434,5,1,0.2
3435,1,0,0.0
3436,4,0,0.0
3437,3,0,0.0
3438,1,1,1.0
3439,2,0,0.0
3440,3,1,0.3333333333333333
3441,5,1,0.2
3442,3,0,0.0
3443,2,0,0.0
3444,7,2,0.2857142857142857
3445,1,0,0.0
3446,1,0,0.0
3447,2,0,0.0
3448,2,0,0.0
3449,2,0,0.0
3450,2,0,0.0
3451,2,0,0.0
3452,5,1,0.2
3453,2,0,0.0
3454,3,0,0.0
3455,2,1,0.5
3456,5,0,0.0
3457,14,3,0.21428571428571427
3458,4,0,0.0
3459,3,1,0.3333333333333333
3460,1,1,1.0
3461,2,0,0.0
3462,2,0,0.0
3463,2,0,0.0
3464,1,0,0.0
3465,1,1,1.0
3466,3,0,0.0
3467,4,0,0.0
3468,4,1,0.25
3469,1,0,0.0
3470,3,0,0.0
3471,1,0,0.0
3472,5,0,0.0
3473,2,0,0.0
3474,1,1,1.0
3475,1,0,0.0
3476,2,0,0.0
3477,3,1,0.3333333333333333
3478,1,0,0.0
3479,5,0,0.0
3480,2,0,0.0
3481,2,1,0.5
3482,3,0,0.0
3483,2,1,0.5
3484,5,0,0.0
3485,5,0,0.0
3486,2,0,0.0
3487,3,1,0.3333333333333333
3488,1,0,0.0
3489,1,0,0.0
3490,6,2,0.3333333333333333
3491,4,0,0.0
3492,2,1,0.5
3493,3,0,0.0
3494,1,0,0.0
3495,3,0,0.0
3496,2,1,0.5
3497,2,0,0.0
3498,3,0,0.0
3499,2,0,0.0
3500,3,2,0.6666666666666666
3501,2,0,0.0
3502,2,0,0.0
3503,1,0,0.0
3504,1,0,0.0
3505,3,1,0.3333333333333333
3506,1,1,1.0
3507,2,0,0.0
3508,1,0,0.0
3509,1,0,0.0
3510,3,1,0.3333333333333333
3511,2,0,0.0
3512,1,0,0.0
3513,1,0,0.0
3514,2,0,0.0
3515,3,0,0.0
3516,2,0,0.0
3517,2,0,0.0
3518,3,1,0.3333333333333333
3519,3,0,0.0
3520,2,1,0.5
3521,4,0,0.0
3522,1,1,1.0
3523,2,0,0.0
3524,1,0,0.0
3525,1,1,1.0
3526,1,1,1.0
3527,1,0,0.0
3528,1,1,1.0
3529,2,0,0.0
3530,4,0,0.0
3531,1,0,0.0
3532,3,2,0.6666666666666666
3533,2,1,0.5
3534,3,0,0.0
3535,3,0,0.0
3536,1,1,1.0
3537,2,0,0.0
3538,1,0,0.0
3539,1,1,1.0
3540,1,0,0.0
3541,1,0,0.0
3542,4,0,0.0
3543,266596,3,1.1252982040240663e-05
3544,8,4,0.5
3545,1023,195,0.1906158357771261
3546,2,1,0.5
3547,1,0,0.0
3548,2,1,0.5
3549,3,1,0.3333333333333333
3550,2,0,0.0
3551,4,0,0.0
3552,1,1,1.0
3553,4,1,0.25
3554,1,1,1.0
3555,1,0,0.0
3556,1,1,1.0
3557,1,0,0.0
3558,6,0,0.0
3559,3,0,0.0
3560,2,0,0.0
3561,11,1,0.09090909090909091
3562,1,0,0.0
3563,2,0,0.0
3564,2,0,0.0
3565,1,0,0.0
3566,1,0,0.0
3567,4,1,0.25
3568,1,0,0.0
3569,1,0,0.0
3570,4,0,0.0
3571,2,1,0.5
3572,2,1,0.5
3573,10,1,0.1
3574,1,0,0.0
3575,1,0,0.0
3576,2,0,0.0
3577,6,0,0.0
3578,2,1,0.5
3579,5,0,0.0
3580,3,0,0.0
3581,1,0,0.0
3582,3,0,0.0
3583,1,0,0.0
3584,1,0,0.0
3585,1,0,0.0
3586,5,2,0.4
3587,1,1,1.0
3588,2,0,0.0
3589,1,0,0.0
3590,1,0,0.0
3591,2,1,0.5
3592,1,0,0.0
3593,1,0,0.0
3594,3,1,0.3333333333333333
3595,4,0,0.0
3596,3,0,0.0
3597,1,0,0.0
3598,4,1,0.25
3599,2,1,0.5
3600,8,1,0.125
3601,4,0,0.0
3602,2,0,0.0
3603,1,1,1.0
3604,1,0,0.0
3605,1,0,0.0
3606,1,0,0.0
3607,1,0,0.0
3608,1,1,1.0
3609,1,0,0.0
3610,5,1,0.2
3611,1,0,0.0
3612,1,0,0.0
3613,3,0,0.0
3614,1,0,0.0
3615,3,0,0.0
3616,2,0,0.0
3617,1,0,0.0
3618,13,0,0.0
3619,4,0,0.0
3620,4,0,0.0
3621,1,0,0.0
3622,1,0,0.0
3623,5,1,0.2
3624,2,0,0.0
3625,3,0,0.0
3626,1,0,0.0
3627,6,2,0.3333333333333333
3628,1,0,0.0
3629,3,0,0.0
3630,2,0,0.0
3631,1,0,0.0
3632,8,1,0.125
3633,5,2,0.4
3634,11,4,0.36363636363636365
3635,1,0,0.0
3636,1,0,0.0
3637,1,0,0.0
3638,1,0,0.0
3639,3,0,0.0
3640,4,0,0.0
3641,1,0,0.0
3642,1,0,0.0
3643,1,1,1.0
3644,1,0,0.0
3645,6,2,0.3333333333333333
3646,3,0,0.0
3647,3,1,0.3333333333333333
3648,1,0,0.0
3649,2,1,0.5
3650,1,0,0.0
3651,1,0,0.0
3652,3,1,0.3333333333333333
3653,1,0,0.0
3654,1,0,0.0
3655,6,0,0.0
3656,2,0,0.0
3657,2,0,0.0
3658,2,1,0.5
3659,2,0,0.0
3660,1,0,0.0
3661,2,0,0.0
3662,2,0,0.0
3663,5,0,0.0
3664,6,0,0.0
3665,1,0,0.0
3666,10,1,0.1
3667,1,1,1.0
3668,2,1,0.5
3669,1,0,0.0
3670,1,0,0.0
3671,1,0,0.0
3672,3,2,0.6666666666666666
3673,5,0,0.0
3674,9,1,0.1111111111111111
3675,2,0,0.0
3676,1,0,0.0
3677,1,0,0.0
3678,1,0,0.0
3679,3,1,0.3333333333333333
3680,1,0,0.0
3681,2,0,0.0
3682,1,0,0.0
3683,1,0,0.0
3684,4,0,0.0
3685,1,1,1.0
3686,1,0,0.0
3687,2,0,0.0
3688,1,0,0.0
3689,3,0,0.0
3690,1,0,0.0
3691,2,0,0.0
3692,1,0,0.0
3693,1,0,0.0
3694,1,0,0.0
3695,2,0,0.0
3696,1,0,0.0
3697,2,0,0.0
3698,4,1,0.25
3699,1,0,0.0
3700,1,0,0.0
3701,2,0,0.0
3702,1,0,0.0
3703,1,1,1.0
3704,1,1,1.0
3705,2,0,0.0
3706,2,0,0.0
3707,1,0,0.0
3708,5,1,0.2
3709,1,0,0.0
3710,11,0,0.0
3711,6,0,0.0
3712,1,0,0.0
3713,2,1,0.5
3714,1,0,0.0
3715,5,1,0.2
3716,1,1,1.0
3717,5,0,0.0
3718,4,0,0.0
3719,5,0,0.0
3720,1,0,0.0
3721,1,0,0.0
3722,1,1,1.0
3723,3,1,0.3333333333333333
3724,3,0,0.0
3725,7,1,0.14285714285714285
3726,1,0,0.0
3727,9,1,0.1111111111111111
3728,2,1,0.5
3729,2,1,0.5
3730,1,0,0.0
3731,1,0,0.0
3732,6,1,0.16666666666666666
3733,1,0,0.0
3734,2,0,0.0
3735,3,1,0.3333333333333333
3736,1,0,0.0
3737,3,1,0.3333333333333333
3738,1,0,0.0
3739,1,1,1.0
3740,4,1,0.25
3741,4,0,0.0
3742,3,2,0.6666666666666666
3743,1,0,0.0
3744,1,0,0.0
3745,1,0,0.0
3746,2,1,0.5
3747,1,0,0.0
3748,1,1,1.0
3749,6,1,0.16666666666666666
3750,5,1,0.2
3751,2,0,0.0
3752,1,0,0.0
3753,6,1,0.16666666666666666
3754,1,0,0.0
3755,1,0,0.0
3756,1,0,0.0
3757,1,1,1.0
3758,1,0,0.0
3759,2,0,0.0
3760,1,0,0.0
3761,1,0,0.0
3762,4,0,0.0
3763,1,0,0.0
3764,1,1,1.0
3765,1,1,1.0
3766,1,0,0.0
3767,4,0,0.0
3768,3,1,0.3333333333333333
3769,4,0,0.0
3770,3,1,0.3333333333333333
3771,2,1,0.5
3772,2,0,0.0
3773,3,0,0.0
3774,3,1,0.3333333333333333
3775,1,0,0.0
3776,1,0,0.0
3777,3,1,0.3333333333333333
3778,2,0,0.0
3779,2,0,0.0
3780,1,1,1.0
3781,3,1,0.3333333333333333
3782,1,1,1.0
3783,1,0,0.0
3784,2,0,0.0
3785,1,0,0.0
3786,1,0,0.0
3787,1,0,0.0
3788,1,1,1.0
3789,1,0,0.0
3790,5,0,0.0
3791,2,0,0.0
3792,7,2,0.2857142857142857
3793,2,0,0.0
3794,4,0,0.0
3795,50,0,0.0
3796,1,1,1.0
3797,1,1,1.0
3798,1,0,0.0
3799,1,1,1.0
3800,2,0,0.0
3801,1,0,0.0
3802,1,0,0.0
3803,1,0,0.0
3804,2,1,0.5
3805,2,0,0.0
3806,1,0,0.0
3807,1,0,0.0
3808,2,0,0.0
3809,1,0,0.0
3810,6,0,0.0
3811,2,0,0.0
3812,5,2,0.4
3813,1,0,0.0
3814,1,0,0.0
3815,1,0,0.0
3816,3,0,0.0
3817,1,0,0.0
3818,1,0,0.0
3819,2,0,0.0
3820,6,1,0.16666666666666666
3821,1,0,0.0
3822,2,1,0.5
3823,1,0,0.0
3824,2,0,0.0
3825,1,0,0.0
3826,3,0,0.0
3827,4,0,0.0
3828,1,0,0.0
3829,1,1,1.0
3830,1,0,0.0
3831,2,1,0.5
3832,2,0,0.0
3833,2,0,0.0
3834,2,1,0.5
3835,2,0,0.0
3836,1,0,0.0
3837,1,1,1.0
3838,2,0,0.0
3839,1,1,1.0
3840,1,1,1.0
3841,2,0,0.0
3842,1,0,0.0
3843,2,1,0.5
3844,2,0,0.0
3845,1,0,0.0
3846,1,0,0.0
3847,2,1,0.5
3848,1,0,0.0
3849,1,0,0.0
3850,2,0,0.0
3851,1,0,0.0
3852,3,1,0.3333333333333333
3853,2,0,0.0
3854,1,1,1.0
3855,1,0,0.0
3856,2,0,0.0
3857,1,0,0.0
3858,1,1,1.0
3859,3,0,0.0
3860,3,0,0.0
3861,2,1,0.5
3862,3,1,0.3333333333333333
3863,6,0,0.0
3864,2,0,0.0
3865,2,1,0.5
3866,178274,2,1.1218685843140335e-05
3867,1379,247,0.1791153009427121
3868,2,0,0.0
3869,6,0,0.0
3870,1,0,0.0
3871,1,0,0.0
3872,1,1,1.0
3873,1,1,1.0
3874,3,0,0.0
3875,2,1,0.5
3876,1,0,0.0
3877,2,0,0.0
3878,1,0,0.0
3879,1,0,0.0
3880,1,0,0.0
3881,3,0,0.0
3882,1,0,0.0
3883,2,0,0.0
3884,4,1,0.25
3885,8,0,0.0
3886,1,0,0.0
3887,1,0,0.0
3888,1,0,0.0
3889,2,0,0.0
3890,1,0,0.0
3891,7,0,0.0
3892,2,0,0.0
3893,6,1,0.16666666666666666
3894,1,0,0.0
3895,1,0,0.0
3896,1,0,0.0
3897,1,1,1.0
3898,1,0,0.0
3899,1,1,1.0
3900,2,0,0.0
3901,3,1,0.3333333333333333
3902,1,0,0.0
3903,2,1,0.5
3904,1,1,1.0
3905,6,1,0.16666666666666666
3906,1,0,0.0
3907,1,0,0.0
3908,2,1,0.5
3909,2,1,0.5
3910,1,0,0.0
3911,1,0,0.0
3912,2,0,0.0
3913,1,0,0.0
3914,6,0,0.0
3915,1,0,0.0
3916,1,0,0.0
3917,1,0,0.0
3918,8,0,0.0
3919,2,0,0.0
3920,1,0,0.0
3921,2,0,0.0
3922,1,0,0.0
3923,1,0,0.0
3924,1,0,0.0
3925,6,0,0.0
3926,1,0,0.0
3927,1,0,0.0
3928,2,0,0.0
3929,1,0,0.0
3930,1,0,0.0
3931,1,0,0.0
3932,1,0,0.0
3933,1,0,0.0
3934,1,0,0.0
3935,1,0,0.0
3936,1,1,1.0
3937,1,0,0.0
3938,1,0,0.0
3939,1,0,0.0
3940,15,0,0.0
3941,2,0,0.0
3942,1,0,0.0
3943,1,0,0.0
3944,1,0,0.0
3945,1,0,0.0
3946,1,0,0.0
3947,1,0,0.0
3948,1,0,0.0
3949,1,0,0.0
3950,1,0,0.0
3951,5,0,0.0
3952,1,0,0.0
3953,1,0,0.0
3954,1,0,0.0
3955,1,0,0.0
3956,1,0,0.0
3957,1,0,0.0
3958,1,0,0.0
3959,1,0,0.0
3960,1,0,0.0
3961,1,0,0.0
3962,1,0,0.0
3963,1,0,0.0
3964,1,0,0.0
3965,2,0,0.0
3966,1,0,0.0
3967,1,1,1.0
3968,1,0,0.0
3969,1,0,0.0
3970,1,0,0.0
3971,1,0,0.0
3972,1,0,0.0
3973,1,0,0.0
3974,1,0,0.0
3975,1,0,0.0
3976,1,1,1.0
3977,1,0,0.0
3978,1,0,0.0
3979,2,1,0.5
3980,1,0,0.0
3981,1,1,1.0
3982,1,0,0.0
3983,1,0,0.0
3984,1,0,0.0
3985,1,0,0.0
3986,3,0,0.0
3987,2,1,0.5
3988,2,1,0.5
3989,2,1,0.5
3990,1,0,0.0
3991,2,1,0.5
3992,1,0,0.0
3993,1,0,0.0
3994,2,0,0.0
3995,1,0,0.0
3996,1,1,1.0
3997,2,1,0.5
3998,1,0,0.0
3999,1,0,0.0
4000,1,0,0.0
4001,1,1,1.0
4002,1,0,0.0
4003,1,0,0.0
4004,2,1,0.5
4005,1,0,0.0
4006,1,0,0.0
4007,2,0,0.0
4008,1,0,0.0
4009,1,0,0.0
4010,1,0,0.0
4011,1,0,0.0
4012,1,0,0.0
4013,4,1,0.25
4014,1,0,0.0
4015,1,0,0.0
4016,1,0,0.0
4017,1,0,0.0
4018,4,1,0.25
4019,1,0,0.0
4020,4,1,0.25
4021,4,1,0.25
4022,1,0,0.0
4023,1,0,0.0
4024,4,0,0.0
4025,1,0,0.0
4026,3,1,0.3333333333333333
4027,1,1,1.0
4028,1,0,0.0
4029,1,0,0.0
4030,2,1,0.5
4031,1,1,1.0
4032,1,0,0.0
4033,1,0,0.0
4034,1,0,0.0
4035,2,0,0.0
4036,1,0,0.0
4037,1,0,0.0
4038,1,0,0.0
4039,2,1,0.5
4040,1,0,0.0
4041,1,0,0.0
4042,3,0,0.0
4043,1,0,0.0
4044,1,0,0.0
4045,1,0,0.0
4046,4,1,0.25
4047,1,0,0.0
4048,1,0,0.0
4049,4,0,0.0
4050,4,1,0.25
4051,3,0,0.0
4052,1,1,1.0
4053,1,0,0.0
4054,1,0,0.0
4055,1,0,0.0
4056,2,1,0.5
4057,1,0,0.0
4058,1,0,0.0
4059,1,0,0.0
4060,1,0,0.0
4061,2,0,0.0
4062,1,0,0.0
4063,2,1,0.5
4064,1,0,0.0
4065,2,1,0.5
4066,2,2,1.0
4067,1,1,1.0
4068,1,0,0.0
4069,2,0,0.0
4070,1,0,0.0
4071,2,0,0.0
4072,2,0,0.0
4073,1,0,0.0
4074,1,0,0.0
4075,1,1,1.0
4076,1,0,0.0
4077,1,0,0.0
4078,1,0,0.0
4079,1,0,0.0
4080,1,1,1.0
4081,1,0,0.0
4082,1,0,0.0
4083,2,0,0.0
4084,1,0,0.0
4085,2,0,0.0
4086,1,0,0.0
4087,2,0,0.0
4088,1,0,0.0
4089,1,1,1.0
4090,2,0,0.0
4091,3,0,0.0
4092,3,1,0.3333333333333333
4093,1,0,0.0
4094,1,1,1.0
4095,1,0,0.0
4096,1,1,1.0
4097,2,0,0.0
4098,1,1,1.0
4099,2,1,0.5
4100,1,0,0.0
4101,1,0,0.0
4102,1,1,1.0
4103,1,0,0.0
4104,3,1,0.3333333333333333
4105,1,0,0.0
4106,1,0,0.0
4107,1,0,0.0
4108,1,0,0.0
4109,2,0,0.0
4110,1,0,0.0
4111,1,0,0.0
4112,1,0,0.0
4113,1,1,1.0
4114,1,0,0.0
4115,9,1,0.1111111111111111
4116,1,0,0.0
4117,2,1,0.5
4118,1,0,0.0
4119,1,1,1.0
4120,1,0,0.0
4121,1,0,0.0
4122,1,0,0.0
4123,2,0,0.0
4124,1,0,0.0
4125,2,1,0.5
4126,1,0,0.0
4127,1,0,0.0
4128,1,1,1.0
4129,4,0,0.0
4130,2,1,0.5
4131,1,1,1.0
4132,1,0,0.0
4133,1,0,0.0
4134,1,0,0.0
4135,1,0,0.0
4136,1,0,0.0
4137,1,0,0.0
4138,1,0,0.0
4139,1,1,1.0
4140,1,0,0.0
4141,1,0,0.0
4142,1,0,0.0
4143,1,0,0.0
4144,1,0,0.0
4145,1,0,0.0
4146,1,0,0.0
4147,1,0,0.0
4148,1,0,0.0
4149,1,1,1.0
4150,1,1,1.0
4151,1,0,0.0
4152,1,0,0.0
4153,1,0,0.0
4154,1,0,0.0
4155,1,0,0.0
4156,1,0,0.0
4157,1,0,0.0
4158,1,0,0.0
4159,1,0,0.0
4160,1,0,0.0
4161,1,0,0.0
4162,1,0,0.0
4163,1,0,0.0
4164,4,0,0.0
4165,1,0,0.0
4166,2,1,0.5
4167,1,0,0.0
4168,1,0,0.0
4169,1,0,0.0
4170,1,0,0.0
4171,1,0,0.0
4172,1,0,0.0
4173,1,1,1.0
4174,1,0,0.0
4175,1,0,0.0
4176,1,0,0.0
4177,2,0,0.0
4178,2,0,0.0
4179,2,0,0.0
4180,1,0,0.0
4181,1,1,1.0
4182,1,0,0.0
4183,1,0,0.0
4184,1,1,1.0
4185,1,0,0.0
4186,1,0,0.0
4187,1,0,0.0
4188,1,0,0.0
4189,2,0,0.0
4190,1,0,0.0
4191,1,0,0.0
4192,1,0,0.0
4193,1,1,1.0
4194,1,1,1.0
4195,1,1,1.0
4196,3,1,0.3333333333333333
4197,1,0,0.0
4198,1,1,1.0
4199,1,0,0.0
4200,1,0,0.0
4201,2,0,0.0
4202,1,0,0.0
4203,1,1,1.0
4204,1,0,0.0
4205,1,0,0.0
4206,1,1,1.0
4207,1,0,0.0
4208,10,0,0.0
4209,1,0,0.0
4210,1,0,0.0
4211,1,0,0.0
4212,4,0,0.0
4213,2,1,0.5
4214,1,0,0.0
4215,1,0,0.0
4216,2,1,0.5
4217,1,0,0.0
4218,1,0,0.0
4219,1,0,0.0
4220,1,0,0.0
4221,2,0,0.0
4222,4,1,0.25
4223,2,1,0.5
4224,1,0,0.0
4225,1,0,0.0
4226,1,0,0.0
4227,4,0,0.0
